Time,ZoneTemp,PMV,Energy_kWh,HeatingSetPoint,CoolingSetPoint
Timestamp,22.218821360883705,0.3,1.2,20.0,22.0
Timestamp,22.782505438452525,0.3,1.2,20.0,22.0
Timestamp,22.714417339165177,0.3,1.2,20.0,22.0
Timestamp,22.598604523316666,0.3,1.2,20.0,22.0
Timestamp,22.472270233705395,0.3,1.2,20.0,22.0
Timestamp,22.34227368066754,0.3,1.2,20.0,22.0
Timestamp,22.21627883775766,0.3,1.2,20.0,22.0
Timestamp,22.097375332738235,0.3,1.2,20.0,22.0
Timestamp,21.986098068661747,0.3,1.2,20.0,22.0
Timestamp,21.882290106505135,0.3,1.2,20.0,22.0
Timestamp,21.78573235547058,0.3,1.2,20.0,22.0
Timestamp,21.69615480476849,0.3,1.2,20.0,22.0
Timestamp,21.613201388458705,0.3,1.2,20.0,22.0
Timestamp,21.536442608421762,0.3,1.2,20.0,22.0
Timestamp,21.46551337135798,0.3,1.2,20.0,22.0
Timestamp,21.399902497787867,0.3,1.2,20.0,22.0
Timestamp,21.33907515120721,0.3,1.2,20.0,22.0
Timestamp,21.2827308688558,0.3,1.2,20.0,22.0
Timestamp,21.230360891329546,0.3,1.2,20.0,22.0
Timestamp,21.181551456245312,0.3,1.2,20.0,22.0
Timestamp,21.13596988242782,0.3,1.2,20.0,22.0
Timestamp,21.093311875289267,0.3,1.2,20.0,22.0
Timestamp,21.053311807357016,0.3,1.2,20.0,22.0
Timestamp,21.01572876869665,0.3,1.2,20.0,22.0
Timestamp,20.980339811648317,0.3,1.2,20.0,22.0
Timestamp,20.6043499107947,0.3,1.2,20.0,22.0
Timestamp,20.386023118152547,0.3,1.2,20.0,22.0
Timestamp,20.26186349798107,0.3,1.2,20.0,22.0
Timestamp,20.1705570615473,0.3,1.2,20.0,22.0
Timestamp,20.13159339412227,0.3,1.2,20.0,22.0
Timestamp,20.103643970737362,0.3,1.2,20.0,22.0
Timestamp,20.073501139258408,0.3,1.2,20.0,22.0
Timestamp,20.05793196101237,0.3,1.2,20.0,22.0
Timestamp,21.38616033062772,0.3,1.2,20.0,22.0
Timestamp,21.999486948616102,0.3,1.2,20.0,22.0
Timestamp,21.998516358459824,0.3,1.2,20.0,22.0
Timestamp,21.999291162719267,0.3,1.2,20.0,22.0
Timestamp,22.455078354556104,0.3,1.2,20.0,22.0
Timestamp,22.753227305695983,0.3,1.2,20.0,22.0
Timestamp,22.91046722107818,0.3,1.2,20.0,22.0
Timestamp,23.02379463920222,0.3,1.2,20.0,22.0
Timestamp,23.123260752242487,0.3,1.2,20.0,22.0
Timestamp,23.22478833760887,0.3,1.2,20.0,22.0
Timestamp,23.319572626300474,0.3,1.2,20.0,22.0
Timestamp,23.403106056313938,0.3,1.2,20.0,22.0
Timestamp,23.3684978761126,0.3,1.2,20.0,22.0
Timestamp,23.338067787094673,0.3,1.2,20.0,22.0
Timestamp,23.354347458912745,0.3,1.2,20.0,22.0
Timestamp,23.39535050426211,0.3,1.2,20.0,22.0
Timestamp,23.214440593488064,0.3,1.2,20.0,22.0
Timestamp,23.043734408657237,0.3,1.2,20.0,22.0
Timestamp,22.972204612427472,0.3,1.2,20.0,22.0
Timestamp,22.958492465087705,0.3,1.2,20.0,22.0
Timestamp,23.173870571191305,0.3,1.2,20.0,22.0
Timestamp,23.362575604566498,0.3,1.2,20.0,22.0
Timestamp,23.445848254610347,0.3,1.2,20.0,22.0
Timestamp,23.47286142088337,0.3,1.2,20.0,22.0
Timestamp,23.537739162211594,0.3,1.2,20.0,22.0
Timestamp,23.605141580932074,0.3,1.2,20.0,22.0
Timestamp,23.65274051358037,0.3,1.2,20.0,22.0
Timestamp,23.684707820424272,0.3,1.2,20.0,22.0
Timestamp,23.64281172732148,0.3,1.2,20.0,22.0
Timestamp,23.607689594022006,0.3,1.2,20.0,22.0
Timestamp,23.603336284819292,0.3,1.2,20.0,22.0
Timestamp,23.612289662344367,0.3,1.2,20.0,22.0
Timestamp,23.48307013825823,0.3,1.2,20.0,22.0
Timestamp,23.366559074566005,0.3,1.2,20.0,22.0
Timestamp,23.311599107733535,0.3,1.2,20.0,22.0
Timestamp,23.286425937474682,0.3,1.2,20.0,22.0
Timestamp,23.26107680013233,0.3,1.2,20.0,22.0
Timestamp,23.227192637203398,0.3,1.2,20.0,22.0
Timestamp,23.18793352326558,0.3,1.2,20.0,22.0
Timestamp,23.146982118466145,0.3,1.2,20.0,22.0
Timestamp,22.47579018570813,0.3,1.2,20.0,22.0
Timestamp,22.092142928037838,0.3,1.2,20.0,22.0
Timestamp,22.00998569043367,0.3,1.2,20.0,22.0
Timestamp,22.00045182515877,0.3,1.2,20.0,22.0
Timestamp,21.99953554016817,0.3,1.2,20.0,22.0
Timestamp,21.999750310567013,0.3,1.2,20.0,22.0
Timestamp,21.973433558078632,0.3,1.2,20.0,22.0
Timestamp,21.9081294246925,0.3,1.2,20.0,22.0
Timestamp,22.104962760332736,0.3,1.2,20.0,22.0
Timestamp,22.113095968418374,0.3,1.2,20.0,22.0
Timestamp,22.110217809812266,0.3,1.2,20.0,22.0
Timestamp,22.089157994982063,0.3,1.2,20.0,22.0
Timestamp,22.03131606778448,0.3,1.2,20.0,22.0
Timestamp,21.961923521742168,0.3,1.2,20.0,22.0
Timestamp,21.896913585047155,0.3,1.2,20.0,22.0
Timestamp,21.838557642525508,0.3,1.2,20.0,22.0
Timestamp,21.784514117992536,0.3,1.2,20.0,22.0
Timestamp,21.733086576966702,0.3,1.2,20.0,22.0
Timestamp,21.683781871818237,0.3,1.2,20.0,22.0
Timestamp,21.63654073836131,0.3,1.2,20.0,22.0
Timestamp,21.591353841809184,0.3,1.2,20.0,22.0
Timestamp,21.54809613650826,0.3,1.2,20.0,22.0
Timestamp,21.50677870264103,0.3,1.2,20.0,22.0
Timestamp,21.467146993987473,0.3,1.2,20.0,22.0
Timestamp,21.42762227877411,0.3,1.2,20.0,22.0
Timestamp,21.388484332446943,0.3,1.2,20.0,22.0
Timestamp,21.35037612833102,0.3,1.2,20.0,22.0
Timestamp,21.313566215276012,0.3,1.2,20.0,22.0
Timestamp,21.27836884191963,0.3,1.2,20.0,22.0
Timestamp,21.24453091980814,0.3,1.2,20.0,22.0
Timestamp,21.211795351281985,0.3,1.2,20.0,22.0
Timestamp,21.180068917291553,0.3,1.2,20.0,22.0
Timestamp,21.14935889292193,0.3,1.2,20.0,22.0
Timestamp,21.119645083010827,0.3,1.2,20.0,22.0
Timestamp,21.090905170201214,0.3,1.2,20.0,22.0
Timestamp,21.063127557261232,0.3,1.2,20.0,22.0
Timestamp,21.036298055742833,0.3,1.2,20.0,22.0
Timestamp,21.010384649631924,0.3,1.2,20.0,22.0
Timestamp,20.985343544487808,0.3,1.2,20.0,22.0
Timestamp,20.961130014639362,0.3,1.2,20.0,22.0
Timestamp,20.93770372229772,0.3,1.2,20.0,22.0
Timestamp,20.91498538959246,0.3,1.2,20.0,22.0
Timestamp,20.89288748680614,0.3,1.2,20.0,22.0
Timestamp,20.8714054733543,0.3,1.2,20.0,22.0
Timestamp,20.850536984905855,0.3,1.2,20.0,22.0
Timestamp,20.83023317369979,0.3,1.2,20.0,22.0
Timestamp,20.810420696509183,0.3,1.2,20.0,22.0
Timestamp,20.79110125568071,0.3,1.2,20.0,22.0
Timestamp,20.447425808281956,0.3,1.2,20.0,22.0
Timestamp,20.24887952369555,0.3,1.2,20.0,22.0
Timestamp,20.158646425909094,0.3,1.2,20.0,22.0
Timestamp,20.086582844191305,0.3,1.2,20.0,22.0
Timestamp,20.05478253930989,0.3,1.2,20.0,22.0
Timestamp,20.033109996440896,0.3,1.2,20.0,22.0
Timestamp,20.012318081566015,0.3,1.2,20.0,22.0
Timestamp,20.003889996140785,0.3,1.2,20.0,22.0
Timestamp,21.34027114694011,0.3,1.2,20.0,22.0
Timestamp,21.998733835131198,0.3,1.2,20.0,22.0
Timestamp,21.998748987764706,0.3,1.2,20.0,22.0
Timestamp,21.999524480199902,0.3,1.2,20.0,22.0
Timestamp,22.443586050234398,0.3,1.2,20.0,22.0
Timestamp,22.738048457423986,0.3,1.2,20.0,22.0
Timestamp,22.89525555803702,0.3,1.2,20.0,22.0
Timestamp,23.01085111933847,0.3,1.2,20.0,22.0
Timestamp,23.112337435826504,0.3,1.2,20.0,22.0
Timestamp,23.21518230996508,0.3,1.2,20.0,22.0
Timestamp,23.31097978549839,0.3,1.2,20.0,22.0
Timestamp,23.395561759549416,0.3,1.2,20.0,22.0
Timestamp,23.364048473467726,0.3,1.2,20.0,22.0
Timestamp,23.334516858796082,0.3,1.2,20.0,22.0
Timestamp,23.350615429069897,0.3,1.2,20.0,22.0
Timestamp,23.391600540187174,0.3,1.2,20.0,22.0
Timestamp,23.210948428485164,0.3,1.2,20.0,22.0
Timestamp,23.040802345721172,0.3,1.2,20.0,22.0
Timestamp,22.969611618028733,0.3,1.2,20.0,22.0
Timestamp,22.956138726728888,0.3,1.2,20.0,22.0
Timestamp,23.171808217569065,0.3,1.2,20.0,22.0
Timestamp,23.36080177210236,0.3,1.2,20.0,22.0
Timestamp,23.4443202926167,0.3,1.2,20.0,22.0
Timestamp,23.471536132042623,0.3,1.2,20.0,22.0
Timestamp,23.536597730134176,0.3,1.2,20.0,22.0
Timestamp,23.604162318467022,0.3,1.2,20.0,22.0
Timestamp,23.65189966127401,0.3,1.2,20.0,22.0
Timestamp,23.683987103607553,0.3,1.2,20.0,22.0
Timestamp,23.6421934227721,0.3,1.2,20.0,22.0
Timestamp,23.60716374740943,0.3,1.2,20.0,22.0
Timestamp,23.602887304946208,0.3,1.2,20.0,22.0
Timestamp,23.611910528925403,0.3,1.2,20.0,22.0
Timestamp,23.482743491518143,0.3,1.2,20.0,22.0
Timestamp,23.36627931183617,0.3,1.2,20.0,22.0
Timestamp,23.311361961871295,0.3,1.2,20.0,22.0
Timestamp,23.286226487143363,0.3,1.2,20.0,22.0
Timestamp,23.260909534652466,0.3,1.2,20.0,22.0
Timestamp,23.227052292601382,0.3,1.2,20.0,22.0
Timestamp,23.18781485038671,0.3,1.2,20.0,22.0
Timestamp,23.146881380479527,0.3,1.2,20.0,22.0
Timestamp,22.475695335166176,0.3,1.2,20.0,22.0
Timestamp,22.092047639063253,0.3,1.2,20.0,22.0
Timestamp,22.00997873476692,0.3,1.2,20.0,22.0
Timestamp,22.000456039989203,0.3,1.2,20.0,22.0
Timestamp,21.999539574057405,0.3,1.2,20.0,22.0
Timestamp,21.99975221979341,0.3,1.2,20.0,22.0
Timestamp,21.973389021171158,0.3,1.2,20.0,22.0
Timestamp,21.90804671853394,0.3,1.2,20.0,22.0
Timestamp,22.10481926200177,0.3,1.2,20.0,22.0
Timestamp,22.112939319301418,0.3,1.2,20.0,22.0
Timestamp,22.11005435615589,0.3,1.2,20.0,22.0
Timestamp,22.088990665021996,0.3,1.2,20.0,22.0
Timestamp,22.03115012918767,0.3,1.2,20.0,22.0
Timestamp,21.96175853926893,0.3,1.2,20.0,22.0
Timestamp,21.896751260441835,0.3,1.2,20.0,22.0
Timestamp,21.83839997163212,0.3,1.2,20.0,22.0
Timestamp,21.784362213779165,0.3,1.2,20.0,22.0
Timestamp,21.73294085893353,0.3,1.2,20.0,22.0
Timestamp,21.68364246192605,0.3,1.2,20.0,22.0
Timestamp,21.636407644645764,0.3,1.2,20.0,22.0
Timestamp,21.591227006880015,0.3,1.2,20.0,22.0
Timestamp,21.54797544427491,0.3,1.2,20.0,22.0
Timestamp,21.506663965066245,0.3,1.2,20.0,22.0
Timestamp,21.46703801746478,0.3,1.2,20.0,22.0
Timestamp,21.427518781727702,0.3,1.2,20.0,22.0
Timestamp,21.388386036641858,0.3,1.2,20.0,22.0
Timestamp,21.350282784821395,0.3,1.2,20.0,22.0
Timestamp,21.313477592946345,0.3,1.2,20.0,22.0
Timestamp,21.27828476088547,0.3,1.2,20.0,22.0
Timestamp,21.244451198603823,0.3,1.2,20.0,22.0
Timestamp,21.211719795593716,0.3,1.2,20.0,22.0
Timestamp,21.17999732966332,0.3,1.2,20.0,22.0
Timestamp,21.14929108537723,0.3,1.2,20.0,22.0
Timestamp,21.11958087352694,0.3,1.2,20.0,22.0
Timestamp,21.09084438144871,0.3,1.2,20.0,22.0
Timestamp,21.063070017578035,0.3,1.2,20.0,22.0
Timestamp,21.036243602062807,0.3,1.2,20.0,22.0
Timestamp,21.010333125492387,0.3,1.2,20.0,22.0
Timestamp,20.985294799534184,0.3,1.2,20.0,22.0
Timestamp,20.96108390493098,0.3,1.2,20.0,22.0
Timestamp,20.937660110431466,0.3,1.2,20.0,22.0
Timestamp,20.914944144720284,0.3,1.2,20.0,22.0
Timestamp,20.89284850429683,0.3,1.2,20.0,22.0
Timestamp,20.871368645764463,0.3,1.2,20.0,22.0
Timestamp,20.85050219564011,0.3,1.2,20.0,22.0
Timestamp,20.83020030799809,0.3,1.2,20.0,22.0
Timestamp,20.810389668160717,0.3,1.2,20.0,22.0
Timestamp,20.79107197688553,0.3,1.2,20.0,22.0
Timestamp,20.447404440666073,0.3,1.2,20.0,22.0
Timestamp,20.24886402289739,0.3,1.2,20.0,22.0
Timestamp,20.15863273961853,0.3,1.2,20.0,22.0
Timestamp,20.086572020385294,0.3,1.2,20.0,22.0
Timestamp,20.054772915462202,0.3,1.2,20.0,22.0
Timestamp,20.033101919507576,0.3,1.2,20.0,22.0
Timestamp,20.01231215640966,0.3,1.2,20.0,22.0
Timestamp,20.003882332951502,0.3,1.2,20.0,22.0
Timestamp,21.340268905399576,0.3,1.2,20.0,22.0
Timestamp,21.99873424510494,0.3,1.2,20.0,22.0
Timestamp,21.99874981183656,0.3,1.2,20.0,22.0
Timestamp,21.99952515526021,0.3,1.2,20.0,22.0
Timestamp,22.44359017042098,0.3,1.2,20.0,22.0
Timestamp,22.738053687522754,0.3,1.2,20.0,22.0
Timestamp,22.895261161034284,0.3,1.2,20.0,22.0
Timestamp,23.010856496325548,0.3,1.2,20.0,22.0
Timestamp,23.11234242676319,0.3,1.2,20.0,22.0
Timestamp,23.215186987089844,0.3,1.2,20.0,22.0
Timestamp,23.31098422487855,0.3,1.2,20.0,22.0
Timestamp,23.39556594160006,0.3,1.2,20.0,22.0
Timestamp,23.364052447995885,0.3,1.2,20.0,22.0
Timestamp,23.33452067913026,0.3,1.2,20.0,22.0
Timestamp,23.350619104116415,0.3,1.2,20.0,22.0
Timestamp,23.391604063230968,0.3,1.2,20.0,22.0
Timestamp,23.210951819358172,0.3,1.2,20.0,22.0
Timestamp,23.040805527164952,0.3,1.2,20.0,22.0
Timestamp,22.969614585876492,0.3,1.2,20.0,22.0
Timestamp,22.95614149165423,0.3,1.2,20.0,22.0
Timestamp,23.171810786278307,0.3,1.2,20.0,22.0
Timestamp,23.360804194264514,0.3,1.2,20.0,22.0
Timestamp,23.44432259174904,0.3,1.2,20.0,22.0
Timestamp,23.471538312152084,0.3,1.2,20.0,22.0
Timestamp,23.536599784926516,0.3,1.2,20.0,22.0
Timestamp,23.604164254728545,0.3,1.2,20.0,22.0
Timestamp,23.651901488487027,0.3,1.2,20.0,22.0
Timestamp,23.68398882831706,0.3,1.2,20.0,22.0
Timestamp,23.642195042857683,0.3,1.2,20.0,22.0
Timestamp,23.607165257418426,0.3,1.2,20.0,22.0
Timestamp,23.602888721089183,0.3,1.2,20.0,22.0
Timestamp,23.611911860581692,0.3,1.2,20.0,22.0
Timestamp,23.48274474659058,0.3,1.2,20.0,22.0
Timestamp,23.366280466058623,0.3,1.2,20.0,22.0
Timestamp,23.31136302200391,0.3,1.2,20.0,22.0
Timestamp,23.286227466039904,0.3,1.2,20.0,22.0
Timestamp,23.26091043191628,0.3,1.2,20.0,22.0
Timestamp,23.227053113389275,0.3,1.2,20.0,22.0
Timestamp,23.187815598435506,0.3,1.2,20.0,22.0
Timestamp,23.146882061568157,0.3,1.2,20.0,22.0
Timestamp,22.4756959322542,0.3,1.2,20.0,22.0
Timestamp,22.0920481547256,0.3,1.2,20.0,22.0
Timestamp,22.00997881437465,0.3,1.2,20.0,22.0
Timestamp,22.00045606347138,0.3,1.2,20.0,22.0
Timestamp,21.999539585867254,0.3,1.2,20.0,22.0
Timestamp,21.999752225055722,0.3,1.2,20.0,22.0
Timestamp,21.973389097516733,0.3,1.2,20.0,22.0
Timestamp,21.90804685400762,0.3,1.2,20.0,22.0
Timestamp,22.10481939695528,0.3,1.2,20.0,22.0
Timestamp,22.11293945118811,0.3,1.2,20.0,22.0
Timestamp,22.110054482892988,0.3,1.2,20.0,22.0
Timestamp,22.088990785013003,0.3,1.2,20.0,22.0
Timestamp,22.031150243051577,0.3,1.2,20.0,22.0
Timestamp,21.961758650475034,0.3,1.2,20.0,22.0
Timestamp,21.89675136864157,0.3,1.2,20.0,22.0
Timestamp,21.838400075508225,0.3,1.2,20.0,22.0
Timestamp,21.78436231269787,0.3,1.2,20.0,22.0
Timestamp,21.73294095285773,0.3,1.2,20.0,22.0
Timestamp,21.683642551014433,0.3,1.2,20.0,22.0
Timestamp,21.636407729076918,0.3,1.2,20.0,22.0
Timestamp,21.59122708682979,0.3,1.2,20.0,22.0
Timestamp,21.547975519929324,0.3,1.2,20.0,22.0
Timestamp,21.506664036639375,0.3,1.2,20.0,22.0
Timestamp,21.467038085157434,0.3,1.2,20.0,22.0
Timestamp,21.42751884577364,0.3,1.2,20.0,22.0
Timestamp,21.38838609725734,0.3,1.2,20.0,22.0
Timestamp,21.350282842192275,0.3,1.2,20.0,22.0
Timestamp,21.31347764724019,0.3,1.2,20.0,22.0
Timestamp,21.27828481223642,0.3,1.2,20.0,22.0
Timestamp,21.244451247147367,0.3,1.2,20.0,22.0
Timestamp,21.211719841473133,0.3,1.2,20.0,22.0
Timestamp,21.17999737302139,0.3,1.2,20.0,22.0
Timestamp,21.14929112634781,0.3,1.2,20.0,22.0
Timestamp,21.11958091223809,0.3,1.2,20.0,22.0
Timestamp,21.09084441802379,0.3,1.2,20.0,22.0
Timestamp,21.063070052134822,0.3,1.2,20.0,22.0
Timestamp,21.036243634711727,0.3,1.2,20.0,22.0
Timestamp,21.01033315633824,0.3,1.2,20.0,22.0
Timestamp,20.985294828676995,0.3,1.2,20.0,22.0
Timestamp,20.961083932465872,0.3,1.2,20.0,22.0
Timestamp,20.937660136448457,0.3,1.2,20.0,22.0
Timestamp,20.914944169301112,0.3,1.2,20.0,22.0
Timestamp,20.892848527517458,0.3,1.2,20.0,22.0
Timestamp,20.87136866769823,0.3,1.2,20.0,22.0
Timestamp,20.850502216357942,0.3,1.2,20.0,22.0
Timestamp,20.83020032756545,0.3,1.2,20.0,22.0
Timestamp,20.810389686638175,0.3,1.2,20.0,22.0
Timestamp,20.79107199433177,0.3,1.2,20.0,22.0
Timestamp,20.44740460353186,0.3,1.2,20.0,22.0
Timestamp,20.248864119804328,0.3,1.2,20.0,22.0
Timestamp,20.15863409373243,0.3,1.2,20.0,22.0
Timestamp,20.0865742136005,0.3,1.2,20.0,22.0
Timestamp,20.054776006736457,0.3,1.2,20.0,22.0
Timestamp,20.033105016440377,0.3,1.2,20.0,22.0
Timestamp,20.01231457162591,0.3,1.2,20.0,22.0
Timestamp,20.00388451801644,0.3,1.2,20.0,22.0
Timestamp,21.340269919162246,0.3,1.2,20.0,22.0
Timestamp,21.998734268834934,0.3,1.2,20.0,22.0
Timestamp,21.998749815634646,0.3,1.2,20.0,22.0
Timestamp,21.9995251571319,0.3,1.2,20.0,22.0
Timestamp,22.443590392649718,0.3,1.2,20.0,22.0
Timestamp,22.738054007164354,0.3,1.2,20.0,22.0
Timestamp,22.895261498370214,0.3,1.2,20.0,22.0
Timestamp,23.01085680436442,0.3,1.2,20.0,22.0
Timestamp,23.112342701485186,0.3,1.2,20.0,22.0
Timestamp,23.215187236945937,0.3,1.2,20.0,22.0
Timestamp,23.31098445372776,0.3,1.2,20.0,22.0
Timestamp,23.39556615361555,0.3,1.2,20.0,22.0
Timestamp,23.364052640335725,0.3,1.2,20.0,22.0
Timestamp,23.33452084804135,0.3,1.2,20.0,22.0
Timestamp,23.35061925142735,0.3,1.2,20.0,22.0
Timestamp,23.39160419273033,0.3,1.2,20.0,22.0
Timestamp,23.210951934188227,0.3,1.2,20.0,22.0
Timestamp,23.040805631398925,0.3,1.2,20.0,22.0
Timestamp,22.969614680344463,0.3,1.2,20.0,22.0
Timestamp,22.956141577133007,0.3,1.2,20.0,22.0
Timestamp,23.171810863310256,0.3,1.2,20.0,22.0
Timestamp,23.36080426299727,0.3,1.2,20.0,22.0
Timestamp,23.444322653092605,0.3,1.2,20.0,22.0
Timestamp,23.47153836710429,0.3,1.2,20.0,22.0
Timestamp,23.53659983379909,0.3,1.2,20.0,22.0
Timestamp,23.60416429822263,0.3,1.2,20.0,22.0
Timestamp,23.651901527647464,0.3,1.2,20.0,22.0
Timestamp,23.68398886334813,0.3,1.2,20.0,22.0
Timestamp,23.642195074101604,0.3,1.2,20.0,22.0
Timestamp,23.607165285330314,0.3,1.2,20.0,22.0
Timestamp,23.602888746123785,0.3,1.2,20.0,22.0
Timestamp,23.6119118830846,0.3,1.2,20.0,22.0
Timestamp,23.482744766881424,0.3,1.2,20.0,22.0
Timestamp,23.36628048434938,0.3,1.2,20.0,22.0
Timestamp,23.311363038409755,0.3,1.2,20.0,22.0
Timestamp,23.286227480809973,0.3,1.2,20.0,22.0
Timestamp,23.260910445226862,0.3,1.2,20.0,22.0
Timestamp,23.227053125454425,0.3,1.2,20.0,22.0
Timestamp,23.18781560927212,0.3,1.2,20.0,22.0
Timestamp,23.14688207131093,0.3,1.2,20.0,22.0
Timestamp,22.475695941021616,0.3,1.2,20.0,22.0
Timestamp,22.092048162640197,0.3,1.2,20.0,22.0
Timestamp,22.00997881541558,0.3,1.2,20.0,22.0
Timestamp,22.000456063632594,0.3,1.2,20.0,22.0
Timestamp,21.999539585908767,0.3,1.2,20.0,22.0
Timestamp,21.999752225069056,0.3,1.2,20.0,22.0
Timestamp,21.973389099431525,0.3,1.2,20.0,22.0
Timestamp,21.90804685749452,0.3,1.2,20.0,22.0
Timestamp,22.104819401954696,0.3,1.2,20.0,22.0
Timestamp,22.112939456488213,0.3,1.2,20.0,22.0
Timestamp,22.110054488313832,0.3,1.2,20.0,22.0
Timestamp,22.08899079046665,0.3,1.2,20.0,22.0
Timestamp,22.031150248412594,0.3,1.2,20.0,22.0
Timestamp,21.961758655796963,0.3,1.2,20.0,22.0
Timestamp,21.896751373875965,0.3,1.2,20.0,22.0
Timestamp,21.83840008058717,0.3,1.2,20.0,22.0
Timestamp,21.784362317584353,0.3,1.2,20.0,22.0
Timestamp,21.732940957539686,0.3,1.2,20.0,22.0
Timestamp,21.683642555489737,0.3,1.2,20.0,22.0
Timestamp,21.636407733346594,0.3,1.2,20.0,22.0
Timestamp,21.591227090896517,0.3,1.2,20.0,22.0
Timestamp,21.547975523797458,0.3,1.2,20.0,22.0
Timestamp,21.50666404031551,0.3,1.2,20.0,22.0
Timestamp,21.467038088648177,0.3,1.2,20.0,22.0
Timestamp,21.42751884908823,0.3,1.2,20.0,22.0
Timestamp,21.388386100404816,0.3,1.2,20.0,22.0
Timestamp,21.35028284518064,0.3,1.2,20.0,22.0
Timestamp,21.31347765007684,0.3,1.2,20.0,22.0
Timestamp,21.278284814927122,0.3,1.2,20.0,22.0
Timestamp,21.244451249697985,0.3,1.2,20.0,22.0
Timestamp,21.21171984388997,0.3,1.2,20.0,22.0
Timestamp,21.179997375310844,0.3,1.2,20.0,22.0
Timestamp,21.149291128515973,0.3,1.2,20.0,22.0
Timestamp,21.11958091429086,0.3,1.2,20.0,22.0
Timestamp,21.090844419966906,0.3,1.2,20.0,22.0
Timestamp,21.063070053973835,0.3,1.2,20.0,22.0
Timestamp,21.036243636451907,0.3,1.2,20.0,22.0
Timestamp,21.010333157984633,0.3,1.2,20.0,22.0
Timestamp,20.985294830234448,0.3,1.2,20.0,22.0
Timestamp,20.96108393393903,0.3,1.2,20.0,22.0
Timestamp,20.937660137841746,0.3,1.2,20.0,22.0
Timestamp,20.91494417061872,0.3,1.2,20.0,22.0
Timestamp,20.89284852876283,0.3,1.2,20.0,22.0
Timestamp,20.871368668874883,0.3,1.2,20.0,22.0
Timestamp,20.850502217469586,0.3,1.2,20.0,22.0
Timestamp,20.830200328615682,0.3,1.2,20.0,22.0
Timestamp,20.81038968762984,0.3,1.2,20.0,22.0
Timestamp,20.791071995267743,0.3,1.2,20.0,22.0
Timestamp,20.447404628577033,0.3,1.2,20.0,22.0
Timestamp,20.24886413252961,0.3,1.2,20.0,22.0
Timestamp,20.158634129571407,0.3,1.2,20.0,22.0
Timestamp,20.086574145312877,0.3,1.2,20.0,22.0
Timestamp,20.054775851773556,0.3,1.2,20.0,22.0
Timestamp,20.033104748158163,0.3,1.2,20.0,22.0
Timestamp,20.012314198372803,0.3,1.2,20.0,22.0
Timestamp,20.003884174284476,0.3,1.2,20.0,22.0
Timestamp,21.340269446250872,0.3,1.2,20.0,22.0
Timestamp,21.998734255501432,0.3,1.2,20.0,22.0
Timestamp,21.99874981516191,0.3,1.2,20.0,22.0
Timestamp,21.999525157109947,0.3,1.2,20.0,22.0
Timestamp,22.443590186241344,0.3,1.2,20.0,22.0
Timestamp,22.738053741929892,0.3,1.2,20.0,22.0
Timestamp,22.895261235578282,0.3,1.2,20.0,22.0
Timestamp,23.010856585084188,0.3,1.2,20.0,22.0
Timestamp,23.11234252094272,0.3,1.2,20.0,22.0
Timestamp,23.215187081764565,0.3,1.2,20.0,22.0
Timestamp,23.31098431716441,0.3,1.2,20.0,22.0
Timestamp,23.395566034130752,0.3,1.2,20.0,22.0
Timestamp,23.364052534635192,0.3,1.2,20.0,22.0
Timestamp,23.334520754941234,0.3,1.2,20.0,22.0
Timestamp,23.350619169227507,0.3,1.2,20.0,22.0
Timestamp,23.391604119636284,0.3,1.2,20.0,22.0
Timestamp,23.21095186741157,0.3,1.2,20.0,22.0
Timestamp,23.04080557127967,0.3,1.2,20.0,22.0
Timestamp,22.969614626604343,0.3,1.2,20.0,22.0
Timestamp,22.95614152942496,0.3,1.2,20.0,22.0
Timestamp,23.17181082184047,0.3,1.2,20.0,22.0
Timestamp,23.360804226596215,0.3,1.2,20.0,22.0
Timestamp,23.444322620690716,0.3,1.2,20.0,22.0
Timestamp,23.47153833805602,0.3,1.2,20.0,22.0
Timestamp,23.536599807905162,0.3,1.2,20.0,22.0
Timestamp,23.604164275155117,0.3,1.2,20.0,22.0
Timestamp,23.65190150698347,0.3,1.2,20.0,22.0
Timestamp,23.68398884486229,0.3,1.2,20.0,22.0
Timestamp,23.642195057575194,0.3,1.2,20.0,22.0
Timestamp,23.60716527054303,0.3,1.2,20.0,22.0
Timestamp,23.6028887328786,0.3,1.2,20.0,22.0
Timestamp,23.611911871217323,0.3,1.2,20.0,22.0
Timestamp,23.482744756178906,0.3,1.2,20.0,22.0
Timestamp,23.366280474831406,0.3,1.2,20.0,22.0
Timestamp,23.311363029948808,0.3,1.2,20.0,22.0
Timestamp,23.28622747327859,0.3,1.2,20.0,22.0
Timestamp,23.260910438552987,0.3,1.2,20.0,22.0
Timestamp,23.227053119537718,0.3,1.2,20.0,22.0
Timestamp,23.187815604018315,0.3,1.2,20.0,22.0
Timestamp,23.146882066614857,0.3,1.2,20.0,22.0
Timestamp,22.475695936825332,0.3,1.2,20.0,22.0
Timestamp,22.09204815884115,0.3,1.2,20.0,22.0
Timestamp,22.009978814935565,0.3,1.2,20.0,22.0
Timestamp,22.00045606357695,0.3,1.2,20.0,22.0
Timestamp,21.999539585907065,0.3,1.2,20.0,22.0
Timestamp,21.99975222506983,0.3,1.2,20.0,22.0
Timestamp,21.973389098453236,0.3,1.2,20.0,22.0
Timestamp,21.90804685570657,0.3,1.2,20.0,22.0
Timestamp,22.1048193993358,0.3,1.2,20.0,22.0
Timestamp,22.11293945370268,0.3,1.2,20.0,22.0
Timestamp,22.110054485458797,0.3,1.2,20.0,22.0
Timestamp,22.088990787589903,0.3,1.2,20.0,22.0
Timestamp,22.031150245583557,0.3,1.2,20.0,22.0
Timestamp,21.96175865299453,0.3,1.2,20.0,22.0
Timestamp,21.896751371124985,0.3,1.2,20.0,22.0
Timestamp,21.83840007792084,0.3,1.2,20.0,22.0
Timestamp,21.784362315020793,0.3,1.2,20.0,22.0
Timestamp,21.732940955084864,0.3,1.2,20.0,22.0
Timestamp,21.683642553144647,0.3,1.2,20.0,22.0
Timestamp,21.636407731110562,0.3,1.2,20.0,22.0
Timestamp,21.591227088767962,0.3,1.2,20.0,22.0
Timestamp,21.547975521773935,0.3,1.2,20.0,22.0
Timestamp,21.506664038393435,0.3,1.2,20.0,22.0
Timestamp,21.46703808682395,0.3,1.2,20.0,22.0
Timestamp,21.427518847356886,0.3,1.2,20.0,22.0
Timestamp,21.388386098761494,0.3,1.2,20.0,22.0
Timestamp,21.35028284362103,0.3,1.2,20.0,22.0
Timestamp,21.31347764859697,0.3,1.2,20.0,22.0
Timestamp,21.27828481352387,0.3,1.2,20.0,22.0
Timestamp,21.244451248368208,0.3,1.2,20.0,22.0
Timestamp,21.211719842630313,0.3,1.2,20.0,22.0
Timestamp,21.179997374117903,0.3,1.2,20.0,22.0
Timestamp,21.149291127386523,0.3,1.2,20.0,22.0
Timestamp,21.11958091322178,0.3,1.2,20.0,22.0
Timestamp,21.09084441895516,0.3,1.2,20.0,22.0
Timestamp,21.06307005301649,0.3,1.2,20.0,22.0
Timestamp,21.03624363554618,0.3,1.2,20.0,22.0
Timestamp,21.010333157127878,0.3,1.2,20.0,22.0
Timestamp,20.98529482942411,0.3,1.2,20.0,22.0
Timestamp,20.96108393317267,0.3,1.2,20.0,22.0
Timestamp,20.937660137117042,0.3,1.2,20.0,22.0
Timestamp,20.91494416993348,0.3,1.2,20.0,22.0
Timestamp,20.89284852811525,0.3,1.2,20.0,22.0
Timestamp,20.871368668263116,0.3,1.2,20.0,22.0
Timestamp,20.8505022168917,0.3,1.2,20.0,22.0
Timestamp,20.830200328069793,0.3,1.2,20.0,22.0
Timestamp,20.81038968711446,0.3,1.2,20.0,22.0
Timestamp,20.791071994781372,0.3,1.2,20.0,22.0
Timestamp,20.447404631269716,0.3,1.2,20.0,22.0
Timestamp,20.24886413360867,0.3,1.2,20.0,22.0
Timestamp,20.158634147164705,0.3,1.2,20.0,22.0
Timestamp,20.086574145399855,0.3,1.2,20.0,22.0
Timestamp,20.054775832653327,0.3,1.2,20.0,22.0
Timestamp,20.033104711338773,0.3,1.2,20.0,22.0
Timestamp,20.012314148539833,0.3,1.2,20.0,22.0
Timestamp,20.003884128923527,0.3,1.2,20.0,22.0
Timestamp,21.34026938483039,0.3,1.2,20.0,22.0
Timestamp,21.998734253772213,0.3,1.2,20.0,22.0
Timestamp,21.998749815099455,0.3,1.2,20.0,22.0
Timestamp,21.999525157106515,0.3,1.2,20.0,22.0
Timestamp,22.443590159545312,0.3,1.2,20.0,22.0
Timestamp,22.738053707621138,0.3,1.2,20.0,22.0
Timestamp,22.895261201578137,0.3,1.2,20.0,22.0
Timestamp,23.010856556697664,0.3,1.2,20.0,22.0
Timestamp,23.112342497555513,0.3,1.2,20.0,22.0
Timestamp,23.215187061651648,0.3,1.2,20.0,22.0
Timestamp,23.31098429945698,0.3,1.2,20.0,22.0
Timestamp,23.3955660186321,0.3,1.2,20.0,22.0
Timestamp,23.364052520918708,0.3,1.2,20.0,22.0
Timestamp,23.334520742855073,0.3,1.2,20.0,22.0
Timestamp,23.350619158552405,0.3,1.2,20.0,22.0
Timestamp,23.39160411014035,0.3,1.2,20.0,22.0
Timestamp,23.21095185873346,0.3,1.2,20.0,22.0
Timestamp,23.040805563464733,0.3,1.2,20.0,22.0
Timestamp,22.969614619616976,0.3,1.2,20.0,22.0
Timestamp,22.956141523220627,0.3,1.2,20.0,22.0
Timestamp,23.17181081644655,0.3,1.2,20.0,22.0
Timestamp,23.360804221860644,0.3,1.2,20.0,22.0
Timestamp,23.444322616474526,0.3,1.2,20.0,22.0
Timestamp,23.471538334275444,0.3,1.2,20.0,22.0
Timestamp,23.53659980453449,0.3,1.2,20.0,22.0
Timestamp,23.604164272151838,0.3,1.2,20.0,22.0
Timestamp,23.65190150429275,0.3,1.2,20.0,22.0
Timestamp,23.68398884245475,0.3,1.2,20.0,22.0
Timestamp,23.642195055422423,0.3,1.2,20.0,22.0
Timestamp,23.60716526861649,0.3,1.2,20.0,22.0
Timestamp,23.602888731152756,0.3,1.2,20.0,22.0
Timestamp,23.61191186967073,0.3,1.2,20.0,22.0
Timestamp,23.482744754783834,0.3,1.2,20.0,22.0
Timestamp,23.3662804735906,0.3,1.2,20.0,22.0
Timestamp,23.311363028845705,0.3,1.2,20.0,22.0
Timestamp,23.286227472296567,0.3,1.2,20.0,22.0
Timestamp,23.260910437682707,0.3,1.2,20.0,22.0
Timestamp,23.22705311876612,0.3,1.2,20.0,22.0
Timestamp,23.187815603333107,0.3,1.2,20.0,22.0
Timestamp,23.146882066004792,0.3,1.2,20.0,22.0
Timestamp,22.475695936279113,0.3,1.2,20.0,22.0
Timestamp,22.092048158345847,0.3,1.2,20.0,22.0
Timestamp,22.00997881487297,0.3,1.2,20.0,22.0
Timestamp,22.00045606356968,0.3,1.2,20.0,22.0
Timestamp,21.999539585906838,0.3,1.2,20.0,22.0
Timestamp,21.999752225069923,0.3,1.2,20.0,22.0
Timestamp,21.973389098325637,0.3,1.2,20.0,22.0
Timestamp,21.90804685547336,0.3,1.2,20.0,22.0
Timestamp,22.104819398994117,0.3,1.2,20.0,22.0
Timestamp,22.112939453339237,0.3,1.2,20.0,22.0
Timestamp,22.11005448508628,0.3,1.2,20.0,22.0
Timestamp,22.088990787214538,0.3,1.2,20.0,22.0
Timestamp,22.03115024521441,0.3,1.2,20.0,22.0
Timestamp,21.961758652628834,0.3,1.2,20.0,22.0
Timestamp,21.896751370765998,0.3,1.2,20.0,22.0
Timestamp,21.838400077572896,0.3,1.2,20.0,22.0
Timestamp,21.784362314686245,0.3,1.2,20.0,22.0
Timestamp,21.732940954764498,0.3,1.2,20.0,22.0
Timestamp,21.68364255283859,0.3,1.2,20.0,22.0
Timestamp,21.636407730818725,0.3,1.2,20.0,22.0
Timestamp,21.591227088490154,0.3,1.2,20.0,22.0
Timestamp,21.54797552150983,0.3,1.2,20.0,22.0
Timestamp,21.506664038142564,0.3,1.2,20.0,22.0
Timestamp,21.46703808658584,0.3,1.2,20.0,22.0
Timestamp,21.427518847130884,0.3,0.10996319842848988,20.0,22.0
Timestamp,21.388386098546988,0.3,0.10996319842848988,20.0,22.0
Timestamp,21.350282843417453,0.3,0.10996319842848988,20.0,22.0
Timestamp,21.3134776484038,0.3,0.10996319842848988,20.0,22.0
Timestamp,21.278284813340708,0.3,0.10996319842848988,20.0,22.0
Timestamp,21.244451248194633,0.3,0.10996319842848988,20.0,22.0
Timestamp,21.21171984246589,0.3,0.10996319842848988,20.0,22.0
Timestamp,21.179997373962188,0.3,0.10996319842848988,20.0,22.0
Timestamp,21.1492911272391,0.3,0.10996319842848988,20.0,22.0
Timestamp,21.119580913082242,0.3,0.10996319842848988,20.0,22.0
Timestamp,21.0908444188231,0.3,0.10996319842848988,20.0,22.0
Timestamp,21.063070052891526,0.3,0.10996319842848988,20.0,22.0
Timestamp,21.036243635427955,0.3,0.10996319842848988,20.0,22.0
Timestamp,21.010333157016035,0.3,0.10996319842848988,20.0,22.0
Timestamp,20.98529482931832,0.3,0.10996319842848988,20.0,22.0
Timestamp,20.96108393307262,0.3,0.10996319842848988,20.0,22.0
Timestamp,20.937660137022423,0.3,0.10996319842848988,20.0,22.0
Timestamp,20.914944169844013,0.3,0.10996319842848988,20.0,22.0
Timestamp,20.892848528030697,0.3,0.10996319842848988,20.0,22.0
Timestamp,20.871368668183248,0.3,0.10996319842848988,20.0,22.0
Timestamp,20.850502216816256,0.3,0.10996319842848988,20.0,22.0
Timestamp,20.83020032799852,0.3,0.10996319842848988,20.0,22.0
Timestamp,20.810389687047167,0.3,0.10996319842848988,20.0,22.0
Timestamp,20.791071994717868,0.3,0.10996319842848988,20.0,22.0
Timestamp,20.447404631578106,0.3,0.10996319842848988,20.0,22.0
Timestamp,20.248864133728997,0.3,0.10996319842848988,20.0,22.0
Timestamp,20.15863414919485,0.3,0.10996319842848988,20.0,22.0
Timestamp,20.08657414540667,0.3,0.10996319842848988,20.0,22.0
Timestamp,20.054775830439965,0.3,0.10996319842848988,20.0,22.0
Timestamp,20.033104707084362,0.3,0.10996319842848988,20.0,22.0
Timestamp,20.012314142761237,0.3,0.10996319842848988,20.0,22.0
Timestamp,20.00388412368192,0.3,0.10996319842848988,20.0,22.0
Timestamp,21.340269377728045,0.3,0.11335690819600713,20.0,22.0
Timestamp,21.998734253572277,0.3,0.11727756974002003,20.0,22.0
Timestamp,21.998749815092232,0.3,0.13192852916746212,20.0,22.0
Timestamp,21.999525157106113,0.3,0.13982275014429046,20.0,22.0
Timestamp,22.443590156459496,0.3,0.18090407571847938,20.0,22.0
Timestamp,22.738053703655357,0.3,0.1920642943436096,20.0,22.0
Timestamp,22.895261197647994,0.3,0.20036303338348244,20.0,22.0
Timestamp,23.010856553416353,0.3,0.20811108640182688,20.0,22.0
Timestamp,23.112342494852037,0.3,0.2161650642259156,20.0,22.0
Timestamp,23.215187059326613,0.3,0.2231284156517137,20.0,22.0
Timestamp,23.310984297409984,0.3,0.2294271038063567,20.0,22.0
Timestamp,23.395566016840405,0.3,0.2334240079503354,20.0,22.0
Timestamp,23.36405251933302,0.3,0.2323353991807532,20.0,22.0
Timestamp,23.334520741457844,0.3,0.2339686201847554,20.0,22.0
Timestamp,23.350619157318295,0.3,0.23532728633836889,20.0,22.0
Timestamp,23.391604109042554,0.3,0.23657958156553172,20.0,22.0
Timestamp,23.210951857730194,0.3,0.2298852279675366,20.0,22.0
Timestamp,23.040805562561257,0.3,0.22644622618907015,20.0,22.0
Timestamp,22.969614618809175,0.3,0.22858624890667942,20.0,22.0
Timestamp,22.956141522503348,0.3,0.2284328435869109,20.0,22.0
Timestamp,23.171810815822962,0.3,0.23791751737493974,20.0,22.0
Timestamp,23.360804221313163,0.3,0.23830457572992342,20.0,22.0
Timestamp,23.44432261598709,0.3,0.2388043147065488,20.0,22.0
Timestamp,23.471538333838367,0.3,0.23980803429868877,20.0,22.0
Timestamp,23.536599804144792,0.3,0.24282720172898725,20.0,22.0
Timestamp,23.604164271804606,0.3,0.24471048816183358,20.0,22.0
Timestamp,23.651901503981666,0.3,0.24769566821656092,20.0,22.0
Timestamp,23.68398884217642,0.3,0.2499727619184866,20.0,22.0
Timestamp,23.64219505517355,0.3,0.25056226629669665,20.0,22.0
Timestamp,23.60716526839376,0.3,0.25277974112751866,20.0,22.0
Timestamp,23.602888730953214,0.3,0.2539484164616594,20.0,22.0
Timestamp,23.611911869491934,0.3,0.2532758863345076,20.0,22.0
Timestamp,23.48274475462257,0.3,0.24031298066051845,20.0,22.0
Timestamp,23.366280473447155,0.3,0.2342583050386676,20.0,22.0
Timestamp,23.311363028718173,0.3,0.2282480349080999,20.0,22.0
Timestamp,23.286227472183022,0.3,0.21861728903836494,20.0,22.0
Timestamp,23.260910437582076,0.3,0.20913963259866397,20.0,22.0
Timestamp,23.2270531186769,0.3,0.19848718728515963,20.0,22.0
Timestamp,23.18781560325388,0.3,0.19289161141797917,20.0,22.0
Timestamp,23.146882065934257,0.3,0.18700869024939695,20.0,22.0
Timestamp,22.475695936215953,0.3,0.15335584588060505,20.0,22.0
Timestamp,22.092048158288573,0.3,0.14452165011166468,20.0,22.0
Timestamp,22.009978814865725,0.3,0.1342843053673319,20.0,22.0
Timestamp,22.000456063568837,0.3,0.13062289969830976,20.0,22.0
Timestamp,21.999539585906806,0.3,0.11323636537890036,20.0,22.0
Timestamp,21.99975222506993,0.3,0.1108794665726152,20.0,22.0
Timestamp,21.973389098310882,0.3,0.10996319842848988,20.0,22.0
Timestamp,21.908046855446397,0.3,0.10996319842848988,20.0,22.0
Timestamp,22.104819398954625,0.3,0.10996319842848988,20.0,22.0
Timestamp,22.11293945329723,0.3,0.10996319842848988,20.0,22.0
Timestamp,22.110054485043214,0.3,0.10996319842848988,20.0,22.0
Timestamp,22.08899078717113,0.3,0.10996319842848988,20.0,22.0
Timestamp,22.031150245171712,0.3,0.10996319842848988,20.0,22.0
Timestamp,21.96175865258654,0.3,0.10996319842848988,20.0,22.0
Timestamp,21.896751370724473,0.3,0.10996319842848988,20.0,22.0
Timestamp,21.838400077532654,0.3,0.10996319842848988,20.0,22.0
Timestamp,21.784362314647552,0.3,0.10996319842848988,20.0,22.0
Timestamp,21.732940954727443,0.3,0.10996319842848988,20.0,22.0
Timestamp,21.683642552803203,0.3,0.10996319842848988,20.0,22.0
Timestamp,21.63640773078499,0.3,0.10996319842848988,20.0,22.0
Timestamp,21.59122708845804,0.3,0.10996319842848988,20.0,22.0
Timestamp,21.547975521479305,0.3,0.10996319842848988,20.0,22.0
Timestamp,21.506664038113573,0.3,0.10996319842848988,20.0,22.0
Timestamp,21.46703808655833,0.3,0.10996319842848988,20.0,22.0
Timestamp,21.428749891472727,0.3,0.10996319842848988,20.0,22.0
Timestamp,21.391772792225044,0.3,0.10996319842848988,20.0,22.0
Timestamp,21.356159316709064,0.3,0.10996319842848988,20.0,22.0
Timestamp,21.321914958585662,0.3,0.10996319842848988,20.0,22.0
Timestamp,21.288923967514222,0.3,0.10996319842848988,20.0,22.0
Timestamp,21.257136546640506,0.3,0.10996319842848988,20.0,22.0
Timestamp,21.22651663855666,0.3,0.10996319842848988,20.0,22.0
Timestamp,21.197011951453725,0.3,0.10996319842848988,20.0,22.0
Timestamp,21.168633059532937,0.3,0.10996319842848988,20.0,22.0
Timestamp,21.141317532767395,0.3,0.10996319842848988,20.0,22.0
Timestamp,21.114992768813647,0.3,0.10996319842848988,20.0,22.0
Timestamp,21.08960537372372,0.3,0.10996319842848988,20.0,22.0
Timestamp,21.065163361074838,0.3,0.10996319842848988,20.0,22.0
Timestamp,21.041605203046903,0.3,0.10996319842848988,20.0,22.0
Timestamp,21.018848288951684,0.3,0.10996319842848988,20.0,22.0
Timestamp,20.99682378946867,0.3,0.10996319842848988,20.0,22.0
Timestamp,20.97541105430415,0.3,0.10996319842848988,20.0,22.0
Timestamp,20.95453443785878,0.3,0.10996319842848988,20.0,22.0
Timestamp,20.934130621630548,0.3,0.10996319842848988,20.0,22.0
Timestamp,20.91419778110963,0.3,0.10996319842848988,20.0,22.0
Timestamp,20.8948049855752,0.3,0.10996319842848988,20.0,22.0
Timestamp,20.87592736039887,0.3,0.10996319842848988,20.0,22.0
Timestamp,20.857483245664902,0.3,0.10996319842848988,20.0,22.0
Timestamp,20.839394631558488,0.3,0.10996319842848988,20.0,22.0
Timestamp,20.492565155432906,0.3,0.10996319842848988,20.0,22.0
Timestamp,20.29374658697048,0.3,0.10996319842848988,20.0,22.0
Timestamp,20.183915696060172,0.3,0.10996319842848988,20.0,22.0
Timestamp,20.110666196791676,0.3,0.10996319842848988,20.0,22.0
Timestamp,20.084825928760228,0.3,0.10996319842848988,20.0,22.0
Timestamp,20.066700670689606,0.3,0.10996319842848988,20.0,22.0
Timestamp,20.0468141332387,0.3,0.10996319842848988,20.0,22.0
Timestamp,20.03917144511794,0.3,0.10996319842848988,20.0,22.0
Timestamp,21.37393088470776,0.3,0.11287379348804133,20.0,22.0
Timestamp,21.999622646959978,0.3,0.1186919300530024,20.0,22.0
Timestamp,21.998710967211576,0.3,0.136802452722512,20.0,22.0
Timestamp,21.99946234054236,0.3,0.14501735185703876,20.0,22.0
Timestamp,22.465049684611735,0.3,0.1886991756850533,20.0,22.0
Timestamp,22.768601244640237,0.3,0.1974162947672134,20.0,22.0
Timestamp,22.917257096794916,0.3,0.20551339395426405,20.0,22.0
Timestamp,23.00896837176779,0.3,0.212613448080797,20.0,22.0
Timestamp,23.13072858724017,0.3,0.21954497378161852,20.0,22.0
Timestamp,23.243499995587058,0.3,0.22579151331295405,20.0,22.0
Timestamp,23.33921485744593,0.3,0.23108897887418356,20.0,22.0
Timestamp,23.42079590098134,0.3,0.23357955023655722,20.0,22.0
Timestamp,23.385228492367315,0.3,0.2316562246395911,20.0,22.0
Timestamp,23.354462780480148,0.3,0.2332393321406038,20.0,22.0
Timestamp,23.36987478501757,0.3,0.23430040004520325,20.0,22.0
Timestamp,23.409299071952436,0.3,0.23530394554359702,20.0,22.0
Timestamp,23.227084738768628,0.3,0.22488645893180284,20.0,22.0
Timestamp,23.057201744002082,0.3,0.2228253952157408,20.0,22.0
Timestamp,22.98674582690606,0.3,0.22462931225933688,20.0,22.0
Timestamp,22.974179326545382,0.3,0.2250180113783965,20.0,22.0
Timestamp,23.19080199518974,0.3,0.2369394786938022,20.0,22.0
Timestamp,23.380146758819397,0.3,0.23749299962270423,20.0,22.0
Timestamp,23.464247980427317,0.3,0.23820125601893521,20.0,22.0
Timestamp,23.49273880316424,0.3,0.2394544057221988,20.0,22.0
Timestamp,23.559232251854233,0.3,0.24276545923155166,20.0,22.0
Timestamp,23.62818696878843,0.3,0.24471148369391846,20.0,22.0
Timestamp,23.677135277784384,0.3,0.24757580299165324,20.0,22.0
Timestamp,23.710326697738015,0.3,0.25015711057039325,20.0,22.0
Timestamp,23.668536822474056,0.3,0.25069325626701283,20.0,22.0
Timestamp,23.63257890266515,0.3,0.2527656892776531,20.0,22.0
Timestamp,23.626350369140564,0.3,0.25283822209263446,20.0,22.0
Timestamp,23.632533830517044,0.3,0.2526092542944467,20.0,22.0
Timestamp,23.50054715836155,0.3,0.24087075550193768,20.0,22.0
Timestamp,23.381653801216196,0.3,0.23498743166439678,20.0,22.0
Timestamp,23.324749395813566,0.3,0.22829920139970378,20.0,22.0
Timestamp,23.29755397763443,0.3,0.21840186463752698,20.0,22.0
Timestamp,23.26990124260433,0.3,0.2086643392240961,20.0,22.0
Timestamp,23.233623387204876,0.3,0.19789058232232856,20.0,22.0
Timestamp,23.192098078401845,0.3,0.1922308872528521,20.0,22.0
Timestamp,23.14911415877788,0.3,0.18630772792601544,20.0,22.0
Timestamp,22.477424117774163,0.3,0.15286184772911326,20.0,22.0
Timestamp,22.094867638348045,0.3,0.14297373540433614,20.0,22.0
Timestamp,22.010298717947382,0.3,0.13367453054079578,20.0,22.0
Timestamp,22.000469094703114,0.3,0.1298002441946404,20.0,22.0
Timestamp,21.99968347328079,0.3,0.11245569063487179,20.0,22.0
Timestamp,21.999747509120063,0.3,0.1107232587151975,20.0,22.0
Timestamp,21.972280931408108,0.3,0.10996319842848988,20.0,22.0
Timestamp,21.905855320232593,0.3,0.10996319842848988,20.0,22.0
Timestamp,22.090247198541295,0.3,0.10996319842848988,20.0,22.0
Timestamp,22.094236535733586,0.3,0.10996319842848988,20.0,22.0
Timestamp,22.088236130620338,0.3,0.10996319842848988,20.0,22.0
Timestamp,22.06402376255486,0.3,0.10996319842848988,20.0,22.0
Timestamp,22.004014576549704,0.3,0.10996319842848988,20.0,22.0
Timestamp,21.930901336581204,0.3,0.10996319842848988,20.0,22.0
Timestamp,21.86302714832995,0.3,0.10996319842848988,20.0,22.0
Timestamp,21.803118453655305,0.3,0.10996319842848988,20.0,22.0
Timestamp,21.748193646544355,0.3,0.10996319842848988,20.0,22.0
Timestamp,21.696048307381453,0.3,0.10996319842848988,20.0,22.0
Timestamp,21.646026475386254,0.3,0.10996319842848988,20.0,22.0
Timestamp,21.598037146010473,0.3,0.10996319842848988,20.0,22.0
Timestamp,21.551992735735165,0.3,0.10996319842848988,20.0,22.0
Timestamp,21.50775182387757,0.3,0.10996319842848988,20.0,22.0
Timestamp,21.465331337633987,0.3,0.10996319842848988,20.0,22.0
Timestamp,21.42448333549629,0.3,0.10996319842848988,20.0,22.0
Timestamp,21.385387403780264,0.3,0.10996319842848988,20.0,22.0
Timestamp,21.347926048669787,0.3,0.10996319842848988,20.0,22.0
Timestamp,21.311916899990198,0.3,0.10996319842848988,20.0,22.0
Timestamp,21.27724756309054,0.3,0.10996319842848988,20.0,22.0
Timestamp,21.243914712652156,0.3,0.10996319842848988,20.0,22.0
Timestamp,21.211878088265447,0.3,0.10996319842848988,20.0,22.0
Timestamp,21.18108916475825,0.3,0.10996319842848988,20.0,22.0
Timestamp,21.151510039429752,0.3,0.10996319842848988,20.0,22.0
Timestamp,21.123033437764278,0.3,0.10996319842848988,20.0,22.0
Timestamp,21.095609822508084,0.3,0.10996319842848988,20.0,22.0
Timestamp,21.069198357845828,0.3,0.10996319842848988,20.0,22.0
Timestamp,21.043744750688926,0.3,0.10996319842848988,20.0,22.0
Timestamp,21.01919164260607,0.3,0.10996319842848988,20.0,22.0
Timestamp,20.99548230182723,0.3,0.10996319842848988,20.0,22.0
Timestamp,20.9725252833605,0.3,0.10996319842848988,20.0,22.0
Timestamp,20.95022001786422,0.3,0.10996319842848988,20.0,22.0
Timestamp,20.928663040799698,0.3,0.10996319842848988,20.0,22.0
Timestamp,20.907866776758706,0.3,0.10996319842848988,20.0,22.0
Timestamp,20.887793440934427,0.3,0.10996319842848988,20.0,22.0
Timestamp,20.868408015378705,0.3,0.10996319842848988,20.0,22.0
Timestamp,20.849536377828496,0.3,0.10996319842848988,20.0,22.0
Timestamp,20.831108513537163,0.3,0.10996319842848988,20.0,22.0
Timestamp,20.813135885378042,0.3,0.10996319842848988,20.0,22.0
Timestamp,20.7956121718883,0.3,0.10996319842848988,20.0,22.0
Timestamp,20.45598862577242,0.3,0.10996319842848988,20.0,22.0
Timestamp,20.262945195781214,0.3,0.10996319842848988,20.0,22.0
Timestamp,20.156820170439186,0.3,0.10996319842848988,20.0,22.0
Timestamp,20.089707315067372,0.3,0.10996319842848988,20.0,22.0
Timestamp,20.067252254169688,0.3,0.10996319842848988,20.0,22.0
Timestamp,20.050128303956733,0.3,0.10996319842848988,20.0,22.0
Timestamp,20.030143935185052,0.3,0.10996319842848988,20.0,22.0
Timestamp,20.02188778120279,0.3,0.10996319842848988,20.0,22.0
Timestamp,21.356178111808717,0.3,0.11272664670069249,20.0,22.0
Timestamp,21.99916144346829,0.3,0.11793178757011534,20.0,22.0
Timestamp,21.99867561528506,0.3,0.1343177488602763,20.0,22.0
Timestamp,21.999440132062695,0.3,0.14203527094277799,20.0,22.0
Timestamp,22.452711985733774,0.3,0.1852476228534127,20.0,22.0
Timestamp,22.751198937787255,0.3,0.19494959159869604,20.0,22.0
Timestamp,22.91002194553907,0.3,0.20325970681017097,20.0,22.0
Timestamp,23.026401888148214,0.3,0.21137443535132452,20.0,22.0
Timestamp,23.129157964983808,0.3,0.21997838684791785,20.0,22.0
Timestamp,23.234279358454913,0.3,0.22787817182469816,20.0,22.0
Timestamp,23.33286217441703,0.3,0.2333522555127695,20.0,22.0
Timestamp,23.42109562964419,0.3,0.23591220737687668,20.0,22.0
Timestamp,23.394987017496774,0.3,0.23528609350622967,20.0,22.0
Timestamp,23.372564790004695,0.3,0.23739955875515703,20.0,22.0
Timestamp,23.396625343440096,0.3,0.2392425831559569,20.0,22.0
Timestamp,23.446010791423046,0.3,0.24098781133721542,20.0,22.0
Timestamp,23.2709904196795,0.3,0.23593327991745663,20.0,22.0
Timestamp,23.10478862714386,0.3,0.23654462571290322,20.0,22.0
Timestamp,23.03498908822042,0.3,0.23672764544405558,20.0,22.0
Timestamp,23.02143857224447,0.3,0.23650358127521715,20.0,22.0
Timestamp,23.234015949481915,0.3,0.24254047076493754,20.0,22.0
Timestamp,23.418469222783397,0.3,0.2427531011365943,20.0,22.0
Timestamp,23.49686188517065,0.3,0.24313741445479922,20.0,22.0
Timestamp,23.51865070518884,0.3,0.24391096478024504,20.0,22.0
Timestamp,23.577272876430914,0.3,0.24655069890175502,20.0,22.0
Timestamp,23.63738816058704,0.3,0.24777696253853934,20.0,22.0
Timestamp,23.676635507039702,0.3,0.2491916638950003,20.0,22.0
Timestamp,23.699582339591505,0.3,0.25036183225274483,20.0,22.0
Timestamp,23.648481441977005,0.3,0.2496784045674024,20.0,22.0
Timestamp,23.603888130503208,0.3,0.2507133811840994,20.0,22.0
Timestamp,23.58967974135054,0.3,0.25109162218660575,20.0,22.0
Timestamp,23.589362817377843,0.3,0.2510210183413994,20.0,22.0
Timestamp,23.452788554569647,0.3,0.24059434895753493,20.0,22.0
Timestamp,23.330855794722222,0.3,0.23417126423174134,20.0,22.0
Timestamp,23.27263527717236,0.3,0.22695591504434615,20.0,22.0
Timestamp,23.245443412587218,0.3,0.21651096227990044,20.0,22.0
Timestamp,23.218993774310462,0.3,0.20678070814699037,20.0,22.0
Timestamp,23.184536103619646,0.3,0.19586513514795906,20.0,22.0
Timestamp,23.144969392234163,0.3,0.19021573159564342,20.0,22.0
Timestamp,23.103911192233927,0.3,0.18410771226408015,20.0,22.0
Timestamp,22.432858490689064,0.3,0.1511040070964302,20.0,22.0
Timestamp,22.05132791921281,0.3,0.14057898282163223,20.0,22.0
Timestamp,22.005005575326244,0.3,0.13129550353977337,20.0,22.0
Timestamp,21.999868992464993,0.3,0.12843940094607995,20.0,22.0
Timestamp,21.999699336516233,0.3,0.11198513758169315,20.0,22.0
Timestamp,21.999759226676538,0.3,0.11033432994833801,20.0,22.0
Timestamp,21.95848626532497,0.3,0.10996319842848988,20.0,22.0
Timestamp,21.880339886690308,0.3,0.10996319842848988,20.0,22.0
Timestamp,22.04650794093416,0.3,0.10996319842848988,20.0,22.0
Timestamp,22.072007791526225,0.3,0.10996319842848988,20.0,22.0
Timestamp,22.074975590207472,0.3,0.10996319842848988,20.0,22.0
Timestamp,22.037607633844225,0.3,0.10996319842848988,20.0,22.0
Timestamp,21.971447242691454,0.3,0.10996319842848988,20.0,22.0
Timestamp,21.89911173747591,0.3,0.10996319842848988,20.0,22.0
Timestamp,21.83489025041984,0.3,0.10996319842848988,20.0,22.0
Timestamp,21.77980752270333,0.3,0.10996319842848988,20.0,22.0
Timestamp,21.730923528436374,0.3,0.10996319842848988,20.0,22.0
Timestamp,21.686121900585732,0.3,0.10996319842848988,20.0,22.0
Timestamp,21.644817129566153,0.3,0.10996319842848988,20.0,22.0
Timestamp,21.606963219101683,0.3,0.10996319842848988,20.0,22.0
Timestamp,21.57252369147897,0.3,0.10996319842848988,20.0,22.0
Timestamp,21.54135598434679,0.3,0.10996319842848988,20.0,22.0
Timestamp,21.513459444240176,0.3,0.10996319842848988,20.0,22.0
Timestamp,21.48853267842697,0.3,0.10996319842848988,20.0,22.0
Timestamp,21.467216453569534,0.3,0.10996319842848988,20.0,22.0
Timestamp,21.449086248892165,0.3,0.10996319842848988,20.0,22.0
Timestamp,21.433148657193474,0.3,0.10996319842848988,20.0,22.0
Timestamp,21.418598093409383,0.3,0.10996319842848988,20.0,22.0
Timestamp,21.40458983615858,0.3,0.10996319842848988,20.0,22.0
Timestamp,21.390387722771894,0.3,0.10996319842848988,20.0,22.0
Timestamp,21.375715649895852,0.3,0.10996319842848988,20.0,22.0
Timestamp,21.3602980161803,0.3,0.10996319842848988,20.0,22.0
Timestamp,21.343853774130633,0.3,0.10996319842848988,20.0,22.0
Timestamp,21.326136708437854,0.3,0.10996319842848988,20.0,22.0
Timestamp,21.306797418296682,0.3,0.10996319842848988,20.0,22.0
Timestamp,21.28582864306273,0.3,0.10996319842848988,20.0,22.0
Timestamp,21.263524695804445,0.3,0.10996319842848988,20.0,22.0
Timestamp,21.239967935014146,0.3,0.10996319842848988,20.0,22.0
Timestamp,21.215316256429627,0.3,0.10996319842848988,20.0,22.0
Timestamp,21.189843804825106,0.3,0.10996319842848988,20.0,22.0
Timestamp,21.163779843373263,0.3,0.10996319842848988,20.0,22.0
Timestamp,21.137312218857407,0.3,0.10996319842848988,20.0,22.0
Timestamp,21.110589593652882,0.3,0.10996319842848988,20.0,22.0
Timestamp,21.083737785069317,0.3,0.10996319842848988,20.0,22.0
Timestamp,21.056924612365655,0.3,0.10996319842848988,20.0,22.0
Timestamp,21.030261651539252,0.3,0.10996319842848988,20.0,22.0
Timestamp,21.00383419808553,0.3,0.10996319842848988,20.0,22.0
Timestamp,20.977718117434296,0.3,0.10996319842848988,20.0,22.0
Timestamp,20.60526852995251,0.3,0.10996319842848988,20.0,22.0
Timestamp,20.388696199405622,0.3,0.10996319842848988,20.0,22.0
Timestamp,20.268010049748245,0.3,0.10996319842848988,20.0,22.0
Timestamp,20.175767323565754,0.3,0.10996319842848988,20.0,22.0
Timestamp,20.13673650370382,0.3,0.10996319842848988,20.0,22.0
Timestamp,20.11074330108227,0.3,0.10996319842848988,20.0,22.0
Timestamp,20.083600742493818,0.3,0.10996319842848988,20.0,22.0
Timestamp,20.0701817322394,0.3,0.10996319842848988,20.0,22.0
Timestamp,21.401211931694384,0.3,0.11394537512024366,20.0,22.0
Timestamp,21.99946171025825,0.3,0.12010620619107963,20.0,22.0
Timestamp,21.998755434642913,0.3,0.13564980155862771,20.0,22.0
Timestamp,21.999522753519134,0.3,0.1431668353501409,20.0,22.0
Timestamp,22.470781942140764,0.3,0.18602605136138523,20.0,22.0
Timestamp,22.775665488591624,0.3,0.19476338781511904,20.0,22.0
Timestamp,22.93546948452276,0.3,0.20325865445371927,20.0,22.0
Timestamp,23.049426931141994,0.3,0.21119299656431517,20.0,22.0
Timestamp,23.149371273666027,0.3,0.2191206920497532,20.0,22.0
Timestamp,23.251825529438634,0.3,0.2265614610732433,20.0,22.0
Timestamp,23.34760584429827,0.3,0.23289065550390448,20.0,22.0
Timestamp,23.43281382655679,0.3,0.23531995456784846,20.0,22.0
Timestamp,23.400996613140567,0.3,0.23479216415860782,20.0,22.0
Timestamp,23.374340492125484,0.3,0.23692494501248865,20.0,22.0
Timestamp,23.39487261754566,0.3,0.2385571088991489,20.0,22.0
Timestamp,23.440147404175654,0.3,0.2400205187329554,20.0,22.0
Timestamp,23.260211418951883,0.3,0.23448069941973856,20.0,22.0
Timestamp,23.08806395894006,0.3,0.23469716463069884,20.0,22.0
Timestamp,23.011859995392435,0.3,0.23438580285997798,20.0,22.0
Timestamp,22.992064575056546,0.3,0.23410562841022908,20.0,22.0
Timestamp,23.199814458372142,0.3,0.239850978078952,20.0,22.0
Timestamp,23.380582759046398,0.3,0.23972812734551258,20.0,22.0
Timestamp,23.455749066494004,0.3,0.23985832482618172,20.0,22.0
Timestamp,23.474634608214,0.3,0.2405119113085851,20.0,22.0
Timestamp,23.531558410055286,0.3,0.24320270342505354,20.0,22.0
Timestamp,23.591362504923204,0.3,0.24532864052354572,20.0,22.0
Timestamp,23.631479388739617,0.3,0.24744943908941983,20.0,22.0
Timestamp,23.656569245294406,0.3,0.24974956684054223,20.0,22.0
Timestamp,23.610214844765384,0.3,0.25036389159496014,20.0,22.0
Timestamp,23.572896396046392,0.3,0.2526852754107167,20.0,22.0
Timestamp,23.567723795529268,0.3,0.25410998846099214,20.0,22.0
Timestamp,23.576740329838028,0.3,0.2538046770538151,20.0,22.0
Timestamp,23.44721091567594,0.3,0.239444458665471,20.0,22.0
Timestamp,23.33163559096223,0.3,0.23532629662429205,20.0,22.0
Timestamp,23.278981034453206,0.3,0.22850182919921797,20.0,22.0
Timestamp,23.25688943320975,0.3,0.2178239618143171,20.0,22.0
Timestamp,23.23460812331663,0.3,0.20805722516270778,20.0,22.0
Timestamp,23.197059620389293,0.3,0.19728676878290696,20.0,22.0
Timestamp,23.166375806949702,0.3,0.19075289780570054,20.0,22.0
Timestamp,23.12382656085965,0.3,0.18476873412608458,20.0,22.0
Timestamp,22.451360823000236,0.3,0.1518718709805721,20.0,22.0
Timestamp,22.0688830951205,0.3,0.14334274531627522,20.0,22.0
Timestamp,22.007139272856374,0.3,0.1327114184219594,20.0,22.0
Timestamp,22.00013007039195,0.3,0.12967814556815205,20.0,22.0
Timestamp,21.999531712407872,0.3,0.11308256247401076,20.0,22.0
Timestamp,21.999758354931984,0.3,0.11079695219004637,20.0,22.0
Timestamp,21.971672567611787,0.3,0.10996319842848988,20.0,22.0
Timestamp,21.90637519828113,0.3,0.10996319842848988,20.0,22.0
Timestamp,22.10490653902874,0.3,0.10996319842848988,20.0,22.0
Timestamp,22.11405497263819,0.3,0.10996319842848988,20.0,22.0
Timestamp,22.112036800341503,0.3,0.10996319842848988,20.0,22.0
Timestamp,22.09206181580151,0.3,0.10996319842848988,20.0,22.0
Timestamp,22.032921440754542,0.3,0.10996319842848988,20.0,22.0
Timestamp,21.96006439711575,0.3,0.10996319842848988,20.0,22.0
Timestamp,21.891134949053498,0.3,0.10996319842848988,20.0,22.0
Timestamp,21.828856700802824,0.3,0.10996319842848988,20.0,22.0
Timestamp,21.770848913070868,0.3,0.10996319842848988,20.0,22.0
Timestamp,21.715271231065916,0.3,0.10996319842848988,20.0,22.0
Timestamp,21.661583103268654,0.3,0.10996319842848988,20.0,22.0
Timestamp,21.609744854938935,0.3,0.10996319842848988,20.0,22.0
Timestamp,21.559685567091947,0.3,0.10996319842848988,20.0,22.0
Timestamp,21.511307412951336,0.3,0.10996319842848988,20.0,22.0
Timestamp,21.46450172322121,0.3,0.10996319842848988,20.0,22.0
Timestamp,21.419167378668252,0.3,0.10996319842848988,20.0,22.0
Timestamp,21.482689315865098,0.3,0.10996319842848988,20.0,22.0
Timestamp,21.53838099938826,0.3,0.10996319842848988,20.0,22.0
Timestamp,21.552764298386233,0.3,0.10996319842848988,20.0,22.0
Timestamp,21.543906373476773,0.3,0.10996319842848988,20.0,22.0
Timestamp,21.528318631599728,0.3,0.10996319842848988,20.0,22.0
Timestamp,21.511116723700997,0.3,0.10996319842848988,20.0,22.0
Timestamp,21.49262551508025,0.3,0.10996319842848988,20.0,22.0
Timestamp,21.472855932428825,0.3,0.10996319842848988,20.0,22.0
Timestamp,21.45224099773044,0.3,0.10996319842848988,20.0,22.0
Timestamp,21.431220602549676,0.3,0.10996319842848988,20.0,22.0
Timestamp,21.41013162001117,0.3,0.10996319842848988,20.0,22.0
Timestamp,21.38918598227878,0.3,0.10996319842848988,20.0,22.0
Timestamp,21.368538311177332,0.3,0.10996319842848988,20.0,22.0
Timestamp,21.34829573349828,0.3,0.10996319842848988,20.0,22.0
Timestamp,21.328525764439306,0.3,0.10996319842848988,20.0,22.0
Timestamp,21.309254351006224,0.3,0.10996319842848988,20.0,22.0
Timestamp,21.290488507093546,0.3,0.10996319842848988,20.0,22.0
Timestamp,21.272257403474146,0.3,0.10996319842848988,20.0,22.0
Timestamp,21.25458328696673,0.3,0.10996319842848988,20.0,22.0
Timestamp,21.237466768365447,0.3,0.10996319842848988,20.0,22.0
Timestamp,21.22089523117388,0.3,0.10996319842848988,20.0,22.0
Timestamp,21.20499706129428,0.3,0.10996319842848988,20.0,22.0
Timestamp,21.189637836047336,0.3,0.10996319842848988,20.0,22.0
Timestamp,21.17474654572306,0.3,0.10996319842848988,20.0,22.0
Timestamp,21.160309363179355,0.3,0.10996319842848988,20.0,22.0
Timestamp,21.146589574902393,0.3,0.10996319842848988,20.0,22.0
Timestamp,21.134528862526132,0.3,0.10996319842848988,20.0,22.0
Timestamp,21.126215483749842,0.3,0.10996319842848988,20.0,22.0
Timestamp,21.123651644150996,0.3,0.10996319842848988,20.0,22.0
Timestamp,21.127861558608505,0.3,0.10996319842848988,20.0,22.0
Timestamp,21.1383212980732,0.3,0.11287520008320383,20.0,22.0
Timestamp,21.152201000153728,0.3,0.11578720173791779,20.0,22.0
Timestamp,21.185684322871644,0.3,0.11578720173791779,20.0,22.0
Timestamp,21.2310748783573,0.3,0.11578720173791779,20.0,22.0
Timestamp,21.287113350654174,0.3,0.11578720173791779,20.0,22.0
Timestamp,21.35324255184226,0.3,0.11578720173791779,20.0,22.0
Timestamp,21.427959665699525,0.3,0.11578720173791779,20.0,22.0
Timestamp,21.51080061952343,0.3,0.11578720173791779,20.0,22.0
Timestamp,21.60146968742248,0.3,0.11578720173791779,20.0,22.0
Timestamp,21.674843664626213,0.3,0.11578720173791779,20.0,22.0
Timestamp,21.767714850495558,0.3,0.11578720173791779,20.0,22.0
Timestamp,21.864360297517212,0.3,0.11578720173791779,20.0,22.0
Timestamp,21.966546918981116,0.3,0.11578720173791779,20.0,22.0
Timestamp,22.073150237041578,0.3,0.11578720173791779,20.0,22.0
Timestamp,22.182747776012565,0.3,0.11578720173791779,20.0,22.0
Timestamp,22.293800049381986,0.3,0.11578720173791779,20.0,22.0
Timestamp,22.405439743178782,0.3,0.11578720173791779,20.0,22.0
Timestamp,22.518926949100656,0.3,0.11578720173791779,20.0,22.0
Timestamp,22.633918388000843,0.3,0.11578720173791779,20.0,22.0
Timestamp,22.747541729189837,0.3,0.11578720173791779,20.0,22.0
Timestamp,22.857779259712935,0.3,0.11578720173791779,20.0,22.0
Timestamp,22.963997865441222,0.3,0.11578720173791779,20.0,22.0
Timestamp,23.065402809878346,0.3,0.11578720173791779,20.0,22.0
Timestamp,23.167513733528338,0.3,0.10996319842848988,20.0,22.0
Timestamp,23.262075656921347,0.3,0.10996319842848988,20.0,22.0
Timestamp,23.348081604704802,0.3,0.10996319842848988,20.0,22.0
Timestamp,23.428118656720308,0.3,0.10996319842848988,20.0,22.0
Timestamp,23.503507817687172,0.3,0.10996319842848988,20.0,22.0
Timestamp,23.574341350824007,0.3,0.10996319842848988,20.0,22.0
Timestamp,23.639857262920025,0.3,0.10996319842848988,20.0,22.0
Timestamp,23.6960284429221,0.3,0.10996319842848988,20.0,22.0
Timestamp,23.742737447604394,0.3,0.10996319842848988,20.0,22.0
Timestamp,23.780566968249193,0.3,0.10996319842848988,20.0,22.0
Timestamp,23.809512447408405,0.3,0.10996319842848988,20.0,22.0
Timestamp,23.828815382586594,0.3,0.10996319842848988,20.0,22.0
Timestamp,23.837766142294736,0.3,0.10996319842848988,20.0,22.0
Timestamp,23.836021825994084,0.3,0.10996319842848988,20.0,22.0
Timestamp,23.823010213828255,0.3,0.10996319842848988,20.0,22.0
Timestamp,23.797999628017894,0.3,0.10996319842848988,20.0,22.0
Timestamp,23.748421188524937,0.3,0.10996319842848988,20.0,22.0
Timestamp,23.6863523300445,0.3,0.10996319842848988,20.0,22.0
Timestamp,23.631876083074502,0.3,0.10996319842848988,20.0,22.0
Timestamp,23.56245515888712,0.3,0.10996319842848988,20.0,22.0
Timestamp,23.490055710897412,0.3,0.10996319842848988,20.0,22.0
Timestamp,23.414591836566846,0.3,0.10996319842848988,20.0,22.0
Timestamp,23.33762767520469,0.3,0.10996319842848988,20.0,22.0
Timestamp,23.260432392995565,0.3,0.10996319842848988,20.0,22.0
Timestamp,23.183959023973657,0.3,0.10996319842848988,20.0,22.0
Timestamp,23.10883117504083,0.3,0.10996319842848988,20.0,22.0
Timestamp,23.03545400383526,0.3,0.10996319842848988,20.0,22.0
Timestamp,22.964335630911233,0.3,0.10996319842848988,20.0,22.0
Timestamp,22.89564920256562,0.3,0.10996319842848988,20.0,22.0
Timestamp,22.829438426335532,0.3,0.10996319842848988,20.0,22.0
Timestamp,22.765736608169167,0.3,0.10996319842848988,20.0,22.0
Timestamp,22.704560576660395,0.3,0.10996319842848988,20.0,22.0
Timestamp,22.6459039275702,0.3,0.10996319842848988,20.0,22.0
Timestamp,22.589731105782533,0.3,0.10996319842848988,20.0,22.0
Timestamp,22.53598576183673,0.3,0.10996319842848988,20.0,22.0
Timestamp,22.48461032338347,0.3,0.10996319842848988,20.0,22.0
Timestamp,22.43552863145415,0.3,0.10996319842848988,20.0,22.0
Timestamp,22.388664325660976,0.3,0.10996319842848988,20.0,22.0
Timestamp,22.343944520502216,0.3,0.10996319842848988,20.0,22.0
Timestamp,22.301305841583183,0.3,0.10996319842848988,20.0,22.0
Timestamp,22.260815697534007,0.3,0.10996319842848988,20.0,22.0
Timestamp,22.222243268124124,0.3,0.10996319842848988,20.0,22.0
Timestamp,22.185431615781372,0.3,0.10996319842848988,20.0,22.0
Timestamp,22.149842577771363,0.3,0.10996319842848988,20.0,22.0
Timestamp,22.11545529893125,0.3,0.10996319842848988,20.0,22.0
Timestamp,22.08235180796857,0.3,0.10996319842848988,20.0,22.0
Timestamp,22.05051027294419,0.3,0.10996319842848988,20.0,22.0
Timestamp,22.02000933326439,0.3,0.10996319842848988,20.0,22.0
Timestamp,21.990731984737593,0.3,0.10996319842848988,20.0,22.0
Timestamp,21.962530861396356,0.3,0.10996319842848988,20.0,22.0
Timestamp,21.935304255951955,0.3,0.10996319842848988,20.0,22.0
Timestamp,21.908836799270144,0.3,0.10996319842848988,20.0,22.0
Timestamp,21.883089345571722,0.3,0.10996319842848988,20.0,22.0
Timestamp,21.858062207280113,0.3,0.10996319842848988,20.0,22.0
Timestamp,21.833727518476753,0.3,0.10996319842848988,20.0,22.0
Timestamp,21.810760794705352,0.3,0.10996319842848988,20.0,22.0
Timestamp,21.789027128026298,0.3,0.10996319842848988,20.0,22.0
Timestamp,21.76821365735323,0.3,0.10996319842848988,20.0,22.0
Timestamp,21.748126257730036,0.3,0.10996319842848988,20.0,22.0
Timestamp,21.7288037234869,0.3,0.10996319842848988,20.0,22.0
Timestamp,21.71023903658054,0.3,0.10996319842848988,20.0,22.0
Timestamp,21.692390708828672,0.3,0.10996319842848988,20.0,22.0
Timestamp,21.675361667638324,0.3,0.10996319842848988,20.0,22.0
Timestamp,21.658660810769838,0.3,0.10996319842848988,20.0,22.0
Timestamp,21.642432511830773,0.3,0.10996319842848988,20.0,22.0
Timestamp,21.626506567482753,0.3,0.10996319842848988,20.0,22.0
Timestamp,21.61110789087258,0.3,0.10996319842848988,20.0,22.0
Timestamp,21.59656282684095,0.3,0.10996319842848988,20.0,22.0
Timestamp,21.582796518866523,0.3,0.10996319842848988,20.0,22.0
Timestamp,21.569967728185926,0.3,0.10996319842848988,20.0,22.0
Timestamp,21.55909603901474,0.3,0.10996319842848988,20.0,22.0
Timestamp,21.551394501932727,0.3,0.10996319842848988,20.0,22.0
Timestamp,21.54726739771832,0.3,0.10996319842848988,20.0,22.0
Timestamp,21.54699031314056,0.3,0.10996319842848988,20.0,22.0
Timestamp,21.55167681743787,0.3,0.10996319842848988,20.0,22.0
Timestamp,21.562710070762222,0.3,0.10996319842848988,20.0,22.0
Timestamp,21.580863374641833,0.3,0.10996319842848988,20.0,22.0
Timestamp,21.60645961448207,0.3,0.10996319842848988,20.0,22.0
Timestamp,21.633010619605116,0.3,0.11578720173791779,20.0,22.0
Timestamp,21.669134677318628,0.3,0.11578720173791779,20.0,22.0
Timestamp,21.716165162159353,0.3,0.11578720173791779,20.0,22.0
Timestamp,21.771743881410202,0.3,0.11578720173791779,20.0,22.0
Timestamp,21.834105219649942,0.3,0.11578720173791779,20.0,22.0
Timestamp,21.902550462687593,0.3,0.11578720173791779,20.0,22.0
Timestamp,21.976528247974624,0.3,0.11578720173791779,20.0,22.0
Timestamp,22.055320324518753,0.3,0.11578720173791779,20.0,22.0
Timestamp,22.13788705084772,0.3,0.11578720173791779,20.0,22.0
Timestamp,22.22306875128631,0.3,0.11578720173791779,20.0,22.0
Timestamp,22.31005732146984,0.3,0.11578720173791779,20.0,22.0
Timestamp,22.398153768869076,0.3,0.11578720173791779,20.0,22.0
Timestamp,22.488013669191965,0.3,0.11578720173791779,20.0,22.0
Timestamp,22.57705397414144,0.3,0.11578720173791779,20.0,22.0
Timestamp,22.66390359065968,0.3,0.11578720173791779,20.0,22.0
Timestamp,22.748093946905346,0.3,0.11578720173791779,20.0,22.0
Timestamp,22.83600014689538,0.3,0.10996319842848988,20.0,22.0
Timestamp,22.919597485185673,0.3,0.10996319842848988,20.0,22.0
Timestamp,22.99835737459236,0.3,0.10996319842848988,20.0,22.0
Timestamp,23.074256373423616,0.3,0.10996319842848988,20.0,22.0
Timestamp,23.147931127606558,0.3,0.10996319842848988,20.0,22.0
Timestamp,23.218936051872046,0.3,0.10996319842848988,20.0,22.0
Timestamp,23.287047650542654,0.3,0.10996319842848988,20.0,22.0
Timestamp,23.352382614837524,0.3,0.10996319842848988,20.0,22.0
Timestamp,23.414568095333003,0.3,0.10996319842848988,20.0,22.0
Timestamp,23.473102811854336,0.3,0.10996319842848988,20.0,22.0
Timestamp,23.52697009624919,0.3,0.10996319842848988,20.0,22.0
Timestamp,23.574846948088837,0.3,0.10996319842848988,20.0,22.0
Timestamp,23.615620513380026,0.3,0.10996319842848988,20.0,22.0
Timestamp,23.648029292030174,0.3,0.10996319842848988,20.0,22.0
Timestamp,23.671352564860864,0.3,0.10996319842848988,20.0,22.0
Timestamp,23.684524190387975,0.3,0.10996319842848988,20.0,22.0
Timestamp,23.685900758713867,0.3,0.10996319842848988,20.0,22.0
Timestamp,23.674978838735964,0.3,0.10996319842848988,20.0,22.0
Timestamp,23.65128219849167,0.3,0.10996319842848988,20.0,22.0
Timestamp,23.615107130694174,0.3,0.10996319842848988,20.0,22.0
Timestamp,23.568685437360685,0.3,0.10996319842848988,20.0,22.0
Timestamp,23.510152463252663,0.3,0.10996319842848988,20.0,22.0
Timestamp,23.44283196309873,0.3,0.10996319842848988,20.0,22.0
Timestamp,23.370771956177474,0.3,0.10996319842848988,20.0,22.0
Timestamp,23.296445760124232,0.3,0.10996319842848988,20.0,22.0
Timestamp,23.221005184378182,0.3,0.10996319842848988,20.0,22.0
Timestamp,23.14525478946968,0.3,0.10996319842848988,20.0,22.0
Timestamp,23.069836248911695,0.3,0.10996319842848988,20.0,22.0
Timestamp,22.99523425077896,0.3,0.10996319842848988,20.0,22.0
Timestamp,22.921867937610898,0.3,0.10996319842848988,20.0,22.0
Timestamp,22.849987458939104,0.3,0.10996319842848988,20.0,22.0
Timestamp,22.77977839457593,0.3,0.10996319842848988,20.0,22.0
Timestamp,22.711399903996064,0.3,0.10996319842848988,20.0,22.0
Timestamp,22.645618177336058,0.3,0.10996319842848988,20.0,22.0
Timestamp,22.582267253446634,0.3,0.10996319842848988,20.0,22.0
Timestamp,22.52103759241531,0.3,0.10996319842848988,20.0,22.0
Timestamp,22.461817181530925,0.3,0.10996319842848988,20.0,22.0
Timestamp,22.404598419879225,0.3,0.10996319842848988,20.0,22.0
Timestamp,22.34937229558353,0.3,0.10996319842848988,20.0,22.0
Timestamp,22.29610859336058,0.3,0.10996319842848988,20.0,22.0
Timestamp,22.24476674044798,0.3,0.10996319842848988,20.0,22.0
Timestamp,22.1953016347043,0.3,0.10996319842848988,20.0,22.0
Timestamp,22.147663848297828,0.3,0.10996319842848988,20.0,22.0
Timestamp,22.10179929440126,0.3,0.10996319842848988,20.0,22.0
Timestamp,22.057649963240188,0.3,0.10996319842848988,20.0,22.0
Timestamp,21.907707916685,0.3,0.10996319842848988,20.0,22.0
Timestamp,21.768661801250694,0.3,0.10996319842848988,20.0,22.0
Timestamp,21.673802969756007,0.3,0.10996319842848988,20.0,22.0
Timestamp,21.604991764005213,0.3,0.10996319842848988,20.0,22.0
Timestamp,21.545691737609246,0.3,0.10996319842848988,20.0,22.0
Timestamp,21.4907782290603,0.3,0.10996319842848988,20.0,22.0
Timestamp,21.439838389572284,0.3,0.10996319842848988,20.0,22.0
Timestamp,21.392900519942128,0.3,0.10996319842848988,20.0,22.0
Timestamp,21.349363031211265,0.3,0.10996319842848988,20.0,22.0
Timestamp,21.308649653154138,0.3,0.10996319842848988,20.0,22.0
Timestamp,21.270385141238318,0.3,0.10996319842848988,20.0,22.0
Timestamp,21.234319477536772,0.3,0.10996319842848988,20.0,22.0
Timestamp,21.200113423921152,0.3,0.10996319842848988,20.0,22.0
Timestamp,21.167605509195454,0.3,0.10996319842848988,20.0,22.0
Timestamp,21.136688701717908,0.3,0.10996319842848988,20.0,22.0
Timestamp,21.107246453512424,0.3,0.10996319842848988,20.0,22.0
Timestamp,21.07915672868606,0.3,0.10996319842848988,20.0,22.0
Timestamp,21.052304576967238,0.3,0.10996319842848988,20.0,22.0
Timestamp,21.026583049366277,0.3,0.10996319842848988,20.0,22.0
Timestamp,21.001893581874498,0.3,0.10996319842848988,20.0,22.0
Timestamp,20.97815890205382,0.3,0.10996319842848988,20.0,22.0
Timestamp,20.955309360001866,0.3,0.10996319842848988,20.0,22.0
Timestamp,20.933250995056255,0.3,0.10996319842848988,20.0,22.0
Timestamp,20.911889589950725,0.3,0.10996319842848988,20.0,22.0
Timestamp,20.549627470986863,0.3,0.10996319842848988,20.0,22.0
Timestamp,20.338954940967646,0.3,0.10996319842848988,20.0,22.0
Timestamp,20.221268706839787,0.3,0.10996319842848988,20.0,22.0
Timestamp,20.137713617928995,0.3,0.10996319842848988,20.0,22.0
Timestamp,20.104658007343943,0.3,0.10996319842848988,20.0,22.0
Timestamp,20.081284974075636,0.3,0.10996319842848988,20.0,22.0
Timestamp,20.05563170085335,0.3,0.10996319842848988,20.0,22.0
Timestamp,20.043048166833128,0.3,0.10996319842848988,20.0,22.0
Timestamp,21.379355846721086,0.3,0.11400767336580421,20.0,22.0
Timestamp,21.999233660852653,0.3,0.11994225003468059,20.0,22.0
Timestamp,21.998443408184446,0.3,0.13521169764287408,20.0,22.0
Timestamp,21.999297186815824,0.3,0.14317722232033955,20.0,22.0
Timestamp,22.46202947424661,0.3,0.1859757355382102,20.0,22.0
Timestamp,22.763904650272348,0.3,0.19456483418139742,20.0,22.0
Timestamp,22.911558236146245,0.3,0.20195437289353624,20.0,22.0
Timestamp,23.00220862330691,0.3,0.20863022839155784,20.0,22.0
Timestamp,23.122528278937118,0.3,0.21549106432630913,20.0,22.0
Timestamp,23.234082225906302,0.3,0.222240349791767,20.0,22.0
Timestamp,23.33025478741374,0.3,0.22802747807364715,20.0,22.0
Timestamp,23.412829777381496,0.3,0.23264044113461163,20.0,22.0
Timestamp,23.375825951926625,0.3,0.2290556057658764,20.0,22.0
Timestamp,23.34410834188935,0.3,0.23264292167538658,20.0,22.0
Timestamp,23.359342741644426,0.3,0.23380241186263317,20.0,22.0
Timestamp,23.399213162662065,0.3,0.23490937589972033,20.0,22.0
Timestamp,23.13531706203652,0.3,0.22369452540072102,20.0,22.0
Timestamp,23.034812163673983,0.3,0.22177132775069272,20.0,22.0
Timestamp,22.96848937692456,0.3,0.22320659262273454,20.0,22.0
Timestamp,22.95991834684364,0.3,0.22289619659213566,20.0,22.0
Timestamp,23.180667670634037,0.3,0.23597519522082203,20.0,22.0
Timestamp,23.37253668313977,0.3,0.23625718603423734,20.0,22.0
Timestamp,23.457658001736934,0.3,0.23687043254748247,20.0,22.0
Timestamp,23.486531528415785,0.3,0.2381246139294939,20.0,22.0
Timestamp,23.55393355488843,0.3,0.24155526053301135,20.0,22.0
Timestamp,23.624673168224565,0.3,0.24402807530245382,20.0,22.0
Timestamp,23.67629852921072,0.3,0.2473444293468863,20.0,22.0
Timestamp,23.712971586088774,0.3,0.25088876974097035,20.0,22.0
Timestamp,23.674799239184626,0.3,0.25256686629835434,20.0,22.0
Timestamp,23.643024286386108,0.3,0.25605586004842834,20.0,22.0
Timestamp,23.64224712769629,0.3,0.2582710666567243,20.0,22.0
Timestamp,23.655163304098764,0.3,0.25911435283784623,20.0,22.0
Timestamp,23.530038176071432,0.3,0.24877733686680062,20.0,22.0
Timestamp,23.4181668092585,0.3,0.24453265896706047,20.0,22.0
Timestamp,23.368188991948657,0.3,0.23780772217803536,20.0,22.0
Timestamp,23.347583848102573,0.3,0.22951744837909036,20.0,22.0
Timestamp,23.324290592222003,0.3,0.21729310226978746,20.0,22.0
Timestamp,23.28384943925358,0.3,0.20578419486311555,20.0,22.0
Timestamp,23.238422387791974,0.3,0.19837665543686048,20.0,22.0
Timestamp,23.20041567686198,0.3,0.19048697930650288,20.0,22.0
Timestamp,22.524482528160267,0.3,0.15589195598534833,20.0,22.0
Timestamp,22.139944541579208,0.3,0.15084852623682501,20.0,22.0
Timestamp,22.016421139005065,0.3,0.1403575456562764,20.0,22.0
Timestamp,22.001202977743752,0.3,0.13475772106433642,20.0,22.0
Timestamp,21.999547219524377,0.3,0.11476079002771468,20.0,22.0
Timestamp,21.99955143044154,0.3,0.11219445041993621,20.0,22.0
Timestamp,21.999199025326682,0.3,0.11076922954756575,20.0,22.0
Timestamp,21.960527076151205,0.3,0.11016366856351767,20.0,22.0
Timestamp,22.19495914916111,0.3,0.10996319842848988,20.0,22.0
Timestamp,22.216564400693695,0.3,0.10996319842848988,20.0,22.0
Timestamp,22.218242307564832,0.3,0.10996319842848988,20.0,22.0
Timestamp,22.210756972313504,0.3,0.10996319842848988,20.0,22.0
Timestamp,22.16022933106726,0.3,0.10996319842848988,20.0,22.0
Timestamp,22.093835662870895,0.3,0.10996319842848988,20.0,22.0
Timestamp,22.03020397642497,0.3,0.10996319842848988,20.0,22.0
Timestamp,21.972578440077523,0.3,0.10996319842848988,20.0,22.0
Timestamp,21.91868896347282,0.3,0.10996319842848988,20.0,22.0
Timestamp,21.866847284241178,0.3,0.10996319842848988,20.0,22.0
Timestamp,21.816640603894207,0.3,0.10996319842848988,20.0,22.0
Timestamp,21.768094841794184,0.3,0.10996319842848988,20.0,22.0
Timestamp,21.721296278493558,0.3,0.10996319842848988,20.0,22.0
Timestamp,21.67617157273293,0.3,0.10996319842848988,20.0,22.0
Timestamp,21.632614216471215,0.3,0.10996319842848988,20.0,22.0
Timestamp,21.590543317182487,0.3,0.10996319842848988,20.0,22.0
Timestamp,21.549943602026577,0.3,0.10996319842848988,20.0,22.0
Timestamp,21.510663182797337,0.3,0.10996319842848988,20.0,22.0
Timestamp,21.472698140606845,0.3,0.10996319842848988,20.0,22.0
Timestamp,21.43610370177884,0.3,0.10996319842848988,20.0,22.0
Timestamp,21.400852250010434,0.3,0.10996319842848988,20.0,22.0
Timestamp,21.366944463288483,0.3,0.10996319842848988,20.0,22.0
Timestamp,21.334367685059014,0.3,0.10996319842848988,20.0,22.0
Timestamp,21.303086364717654,0.3,0.10996319842848988,20.0,22.0
Timestamp,21.273087816223658,0.3,0.10996319842848988,20.0,22.0
Timestamp,21.244313457619576,0.3,0.10996319842848988,20.0,22.0
Timestamp,21.216698821391333,0.3,0.10996319842848988,20.0,22.0
Timestamp,21.190191258338025,0.3,0.10996319842848988,20.0,22.0
Timestamp,21.165647284817112,0.3,0.10996319842848988,20.0,22.0
Timestamp,21.14291455222647,0.3,0.10996319842848988,20.0,22.0
Timestamp,21.121565273705446,0.3,0.10996319842848988,20.0,22.0
Timestamp,21.1013351829508,0.3,0.10996319842848988,20.0,22.0
Timestamp,21.08210403551302,0.3,0.10996319842848988,20.0,22.0
Timestamp,21.063946445362856,0.3,0.10996319842848988,20.0,22.0
Timestamp,21.046655223458156,0.3,0.10996319842848988,20.0,22.0
Timestamp,21.030099826108408,0.3,0.10996319842848988,20.0,22.0
Timestamp,21.01422131917792,0.3,0.10996319842848988,20.0,22.0
Timestamp,20.998981741923256,0.3,0.10996319842848988,20.0,22.0
Timestamp,20.984323206810895,0.3,0.10996319842848988,20.0,22.0
Timestamp,20.970165270163513,0.3,0.10996319842848988,20.0,22.0
Timestamp,20.610803762765805,0.3,0.10996319842848988,20.0,22.0
Timestamp,20.405734573991253,0.3,0.10996319842848988,20.0,22.0
Timestamp,20.292870183284627,0.3,0.10996319842848988,20.0,22.0
Timestamp,20.185364701897065,0.3,0.10996319842848988,20.0,22.0
Timestamp,20.14997586261439,0.3,0.10996319842848988,20.0,22.0
Timestamp,20.134172908971422,0.3,0.10996319842848988,20.0,22.0
Timestamp,20.113378344450005,0.3,0.10996319842848988,20.0,22.0
Timestamp,20.103035237342528,0.3,0.10996319842848988,20.0,22.0
Timestamp,21.471146908768592,0.3,0.11427528508245152,20.0,22.0
Timestamp,21.999732422300806,0.3,0.12469817653886625,20.0,22.0
Timestamp,22.00054916452686,0.3,0.14466917107234545,20.0,22.0
Timestamp,21.999491093193562,0.3,0.15094561488382935,20.0,22.0
Timestamp,22.49641392094053,0.3,0.19199164515114298,20.0,22.0
Timestamp,22.812562938839775,0.3,0.20090794361967287,20.0,22.0
Timestamp,22.976021272834075,0.3,0.21005692566049142,20.0,22.0
Timestamp,23.089525660531287,0.3,0.21879216430341522,20.0,22.0
Timestamp,23.18888839075935,0.3,0.2281749560287626,20.0,22.0
Timestamp,23.291540676078913,0.3,0.23361839948232574,20.0,22.0
Timestamp,23.38882637738677,0.3,0.23593079841674397,20.0,22.0
Timestamp,23.47237456775461,0.3,0.23798137428978514,20.0,22.0
Timestamp,23.441763169682694,0.3,0.23696278246728944,20.0,22.0
Timestamp,23.4126973017258,0.3,0.2385043131866115,20.0,22.0
Timestamp,23.428017162967926,0.3,0.24002314836454733,20.0,22.0
Timestamp,23.467604845945043,0.3,0.24148990222345731,20.0,22.0
Timestamp,23.28271066298631,0.3,0.23603104928737895,20.0,22.0
Timestamp,23.10648710870718,0.3,0.23615805287383937,20.0,22.0
Timestamp,23.02720144524064,0.3,0.23621743110545343,20.0,22.0
Timestamp,23.005331841180155,0.3,0.23622988043417226,20.0,22.0
Timestamp,23.212127889312164,0.3,0.2423845499705166,20.0,22.0
Timestamp,23.392995498521014,0.3,0.24265378420616543,20.0,22.0
Timestamp,23.4690463575984,0.3,0.24304691737297854,20.0,22.0
Timestamp,23.48900006367125,0.3,0.24374920431575628,20.0,22.0
Timestamp,23.546665319876627,0.3,0.2467474058197128,20.0,22.0
Timestamp,23.606677050628754,0.3,0.24852447450742624,20.0,22.0
Timestamp,23.646626777334873,0.3,0.25039419059957807,20.0,22.0
Timestamp,23.671138907244497,0.3,0.2523796700546772,20.0,22.0
Timestamp,23.624455072052246,0.3,0.25257260698028056,20.0,22.0
Timestamp,23.58696162885525,0.3,0.25458252363911205,20.0,22.0
Timestamp,23.581489376417906,0.3,0.25563110048186954,20.0,22.0
Timestamp,23.590220558819613,0.3,0.25515331222107746,20.0,22.0
Timestamp,23.46186268995116,0.3,0.24807934039823354,20.0,22.0
Timestamp,23.34611546077044,0.3,0.2410844661415389,20.0,22.0
Timestamp,23.2934306893151,0.3,0.23492911929779672,20.0,22.0
Timestamp,23.271474684357813,0.3,0.22601862307505902,20.0,22.0
Timestamp,23.248811001194607,0.3,0.21503540797814172,20.0,22.0
Timestamp,23.211525540840345,0.3,0.20383496544711985,20.0,22.0
Timestamp,23.181201869401523,0.3,0.19676003240074577,20.0,22.0
Timestamp,23.13929861400383,0.3,0.19033175051743031,20.0,22.0
Timestamp,22.469067079812707,0.3,0.15572141986809515,20.0,22.0
Timestamp,22.090087305249842,0.3,0.14869165690203803,20.0,22.0
Timestamp,22.009758859638897,0.3,0.1371091443847688,20.0,22.0
Timestamp,22.000374416052175,0.3,0.1338441154308847,20.0,22.0
Timestamp,21.999474397210758,0.3,0.11399676443223289,20.0,22.0
Timestamp,21.99952921453864,0.3,0.11173090970058176,20.0,22.0
Timestamp,21.990833111175753,0.3,0.11056167454111734,20.0,22.0
Timestamp,21.946336217186126,0.3,0.11002905003775997,20.0,22.0
Timestamp,22.17028703982351,0.3,0.10996319842848988,20.0,22.0
Timestamp,22.191664334375442,0.3,0.10996319842848988,20.0,22.0
Timestamp,22.192853124009364,0.3,0.10996319842848988,20.0,22.0
Timestamp,22.187689772833377,0.3,0.10996319842848988,20.0,22.0
Timestamp,22.139538510111336,0.3,0.10996319842848988,20.0,22.0
Timestamp,22.07155120217227,0.3,0.10996319842848988,20.0,22.0
Timestamp,22.006545875177178,0.3,0.10996319842848988,20.0,22.0
Timestamp,21.94900443042772,0.3,0.10996319842848988,20.0,22.0
Timestamp,21.89609129759951,0.3,0.10996319842848988,20.0,22.0
Timestamp,21.845516660520982,0.3,0.10996319842848988,20.0,22.0
Timestamp,21.7966601616021,0.3,0.10996319842848988,20.0,22.0
Timestamp,21.749534031763794,0.3,0.10996319842848988,20.0,22.0
Timestamp,21.704364691026747,0.3,0.10996319842848988,20.0,22.0
Timestamp,21.660938952238222,0.3,0.10996319842848988,20.0,22.0
Timestamp,21.619081045381552,0.3,0.10996319842848988,20.0,22.0
Timestamp,21.57870300252696,0.3,0.10996319842848988,20.0,22.0
Timestamp,21.54063997197719,0.3,0.10996319842848988,20.0,22.0
Timestamp,21.50466886246407,0.3,0.10996319842848988,20.0,22.0
Timestamp,21.47028907112686,0.3,0.10996319842848988,20.0,22.0
Timestamp,21.4371816474433,0.3,0.10996319842848988,20.0,22.0
Timestamp,21.405173519243505,0.3,0.10996319842848988,20.0,22.0
Timestamp,21.37415007470395,0.3,0.10996319842848988,20.0,22.0
Timestamp,21.344000973015007,0.3,0.10996319842848988,20.0,22.0
Timestamp,21.314618429440934,0.3,0.10996319842848988,20.0,22.0
Timestamp,21.285922465342836,0.3,0.10996319842848988,20.0,22.0
Timestamp,21.25784385848132,0.3,0.10996319842848988,20.0,22.0
Timestamp,21.23033000320948,0.3,0.10996319842848988,20.0,22.0
Timestamp,21.203340349868714,0.3,0.10996319842848988,20.0,22.0
Timestamp,21.177067619994045,0.3,0.10996319842848988,20.0,22.0
Timestamp,21.15150634051514,0.3,0.10996319842848988,20.0,22.0
Timestamp,21.126628369261528,0.3,0.10996319842848988,20.0,22.0
Timestamp,21.102456219856535,0.3,0.10996319842848988,20.0,22.0
Timestamp,21.07906255872166,0.3,0.10996319842848988,20.0,22.0
Timestamp,21.056483841253282,0.3,0.10996319842848988,20.0,22.0
Timestamp,21.034740104034245,0.3,0.10996319842848988,20.0,22.0
Timestamp,21.0138503865769,0.3,0.10996319842848988,20.0,22.0
Timestamp,20.993775301884344,0.3,0.10996319842848988,20.0,22.0
Timestamp,20.974511463899635,0.3,0.10996319842848988,20.0,22.0
Timestamp,20.956025313351283,0.3,0.10996319842848988,20.0,22.0
Timestamp,20.938260993389214,0.3,0.10996319842848988,20.0,22.0
Timestamp,20.578975453699215,0.3,0.10996319842848988,20.0,22.0
Timestamp,20.372081076731305,0.3,0.10996319842848988,20.0,22.0
Timestamp,20.257352588867526,0.3,0.10996319842848988,20.0,22.0
Timestamp,20.17028767690072,0.3,0.10996319842848988,20.0,22.0
Timestamp,20.133968669268558,0.3,0.10996319842848988,20.0,22.0
Timestamp,20.109696890209353,0.3,0.10996319842848988,20.0,22.0
Timestamp,20.084128962385055,0.3,0.10996319842848988,20.0,22.0
Timestamp,20.07167541211381,0.3,0.10996319842848988,20.0,22.0
Timestamp,21.40534152902801,0.3,0.11380438917529523,20.0,22.0
Timestamp,21.999399211608143,0.3,0.1207678010914535,20.0,22.0
Timestamp,21.998664875005296,0.3,0.13877553235724113,20.0,22.0
Timestamp,21.99946402598855,0.3,0.14646545910124262,20.0,22.0
Timestamp,22.475619775702448,0.3,0.18914172399725615,20.0,22.0
Timestamp,22.78219780893054,0.3,0.1982590354128979,20.0,22.0
Timestamp,22.92945362029694,0.3,0.20628464464173105,20.0,22.0
Timestamp,23.019975237221157,0.3,0.21412430315270217,20.0,22.0
Timestamp,23.141169261988207,0.3,0.22184763002699776,20.0,22.0
Timestamp,23.25387187502052,0.3,0.2286523823600996,20.0,22.0
Timestamp,23.350462287385362,0.3,0.2331972542614449,20.0,22.0
Timestamp,23.432810754096344,0.3,0.23516943826180103,20.0,22.0
Timestamp,23.396894389172864,0.3,0.23397933783065963,20.0,22.0
Timestamp,23.366038772975575,0.3,0.23551727401107775,20.0,22.0
Timestamp,23.382245114468812,0.3,0.23681505768710795,20.0,22.0
Timestamp,23.422922831153898,0.3,0.2380105308317684,20.0,22.0
Timestamp,23.243147659472495,0.3,0.23267613406583498,20.0,22.0
Timestamp,23.07595999550022,0.3,0.23248129162423375,20.0,22.0
Timestamp,23.007682257264044,0.3,0.23337811030319067,20.0,22.0
Timestamp,22.997272941493673,0.3,0.23359599483038457,20.0,22.0
Timestamp,23.215540452118745,0.3,0.23990284899912287,20.0,22.0
Timestamp,23.407460330804234,0.3,0.24042492843546087,20.0,22.0
Timestamp,23.494233931017853,0.3,0.24111776838593152,20.0,22.0
Timestamp,23.525135335444133,0.3,0.24236077501825237,20.0,22.0
Timestamp,23.594034022788996,0.3,0.24564568611411097,20.0,22.0
Timestamp,23.66574757440645,0.3,0.2484512101084522,20.0,22.0
Timestamp,23.717531213927636,0.3,0.25088456247037294,20.0,22.0
Timestamp,23.753780132805268,0.3,0.2535241706938396,20.0,22.0
Timestamp,23.71246533800603,0.3,0.2537557747851712,20.0,22.0
Timestamp,23.67497399551675,0.3,0.2558944053400666,20.0,22.0
Timestamp,23.667076781426694,0.3,0.2570901806180392,20.0,22.0
Timestamp,23.6725386010586,0.3,0.2577586232045601,20.0,22.0
Timestamp,23.541780216306954,0.3,0.2536939754339366,20.0,22.0
Timestamp,23.4228682453808,0.3,0.24394403003879003,20.0,22.0
Timestamp,23.3664596333125,0.3,0.2386664880613671,20.0,22.0
Timestamp,23.34019382472617,0.3,0.23011212235501408,20.0,22.0
Timestamp,23.312546946774777,0.3,0.21744146587984223,20.0,22.0
Timestamp,23.26898309968208,0.3,0.20571885950841962,20.0,22.0
Timestamp,23.233964847011364,0.3,0.197881208599022,20.0,22.0
Timestamp,23.18548549331337,0.3,0.1903498625371892,20.0,22.0
Timestamp,22.51306425688948,0.3,0.15566625501610365,20.0,22.0
Timestamp,22.133761802556577,0.3,0.14960131806828994,20.0,22.0
Timestamp,22.01548889006655,0.3,0.13795189099157348,20.0,22.0
Timestamp,22.001039381855772,0.3,0.13446299902835065,20.0,22.0
Timestamp,21.99949063906467,0.3,0.11444857426317845,20.0,22.0
Timestamp,21.99950198858454,0.3,0.11209929273001622,20.0,22.0
Timestamp,21.99956929858622,0.3,0.11080559957184401,20.0,22.0
Timestamp,21.970567302391494,0.3,0.1101937596439915,20.0,22.0
Timestamp,22.199684710883535,0.3,0.10996319842848988,20.0,22.0
Timestamp,22.22326534267782,0.3,0.10996319842848988,20.0,22.0
Timestamp,22.225651611184144,0.3,0.10996319842848988,20.0,22.0
Timestamp,22.222688991390683,0.3,0.10996319842848988,20.0,22.0
Timestamp,22.166681114387185,0.3,0.10996319842848988,20.0,22.0
Timestamp,22.097266971524363,0.3,0.10996319842848988,20.0,22.0
Timestamp,22.03394185310509,0.3,0.10996319842848988,20.0,22.0
Timestamp,21.977886891012556,0.3,0.10996319842848988,20.0,22.0
Timestamp,21.925977033642813,0.3,0.10996319842848988,20.0,22.0
Timestamp,21.87631963437465,0.3,0.10996319842848988,20.0,22.0
Timestamp,21.828606691363852,0.3,0.10996319842848988,20.0,22.0
Timestamp,21.782683072531032,0.3,0.10996319842848988,20.0,22.0
Timestamp,21.73834239666784,0.3,0.10996319842848988,20.0,22.0
Timestamp,21.695507638540015,0.3,0.10996319842848988,20.0,22.0
Timestamp,21.65413445811356,0.3,0.10996319842848988,20.0,22.0
Timestamp,21.614164829905818,0.3,0.10996319842848988,20.0,22.0
Timestamp,21.576077324224595,0.3,0.10996319842848988,20.0,22.0
Timestamp,21.539711623773073,0.3,0.10996319842848988,20.0,22.0
Timestamp,21.504729129829183,0.3,0.10996319842848988,20.0,22.0
Timestamp,21.470894594507595,0.3,0.10996319842848988,20.0,22.0
Timestamp,21.43807448770596,0.3,0.10996319842848988,20.0,22.0
Timestamp,21.406176382736454,0.3,0.10996319842848988,20.0,22.0
Timestamp,21.375119801970847,0.3,0.10996319842848988,20.0,22.0
Timestamp,21.34483208430437,0.3,0.10996319842848988,20.0,22.0
Timestamp,21.315249705160507,0.3,0.10996319842848988,20.0,22.0
Timestamp,21.286317467984745,0.3,0.10996319842848988,20.0,22.0
Timestamp,21.257987429262172,0.3,0.10996319842848988,20.0,22.0
Timestamp,21.230218683283184,0.3,0.10996319842848988,20.0,22.0
Timestamp,21.20331117921348,0.3,0.10996319842848988,20.0,22.0
Timestamp,21.17719318911461,0.3,0.10996319842848988,20.0,22.0
Timestamp,21.15175045405372,0.3,0.10996319842848988,20.0,22.0
Timestamp,21.12696347881779,0.3,0.10996319842848988,20.0,22.0
Timestamp,21.102852717480975,0.3,0.10996319842848988,20.0,22.0
Timestamp,21.079433019000408,0.3,0.10996319842848988,20.0,22.0
Timestamp,21.056707882459403,0.3,0.10996319842848988,20.0,22.0
Timestamp,21.034676036395958,0.3,0.10996319842848988,20.0,22.0
Timestamp,21.013335061948517,0.3,0.10996319842848988,20.0,22.0
Timestamp,20.99267769593994,0.3,0.10996319842848988,20.0,22.0
Timestamp,20.972692403215003,0.3,0.10996319842848988,20.0,22.0
Timestamp,20.953364403997988,0.3,0.10996319842848988,20.0,22.0
Timestamp,20.5894172525381,0.3,0.10996319842848988,20.0,22.0
Timestamp,20.37864504479825,0.3,0.10996319842848988,20.0,22.0
Timestamp,20.26136655104493,0.3,0.10996319842848988,20.0,22.0
Timestamp,20.17206401536049,0.3,0.10996319842848988,20.0,22.0
Timestamp,20.134483500008606,0.3,0.10996319842848988,20.0,22.0
Timestamp,20.109340425492395,0.3,0.10996319842848988,20.0,22.0
Timestamp,20.08287569677096,0.3,0.10996319842848988,20.0,22.0
Timestamp,20.06977090413609,0.3,0.10996319842848988,20.0,22.0
Timestamp,21.40334469461428,0.3,0.11404990213015738,20.0,22.0
Timestamp,21.99937901417821,0.3,0.12064688611666483,20.0,22.0
Timestamp,21.99863581915977,0.3,0.13809963198707764,20.0,22.0
Timestamp,21.999446711157454,0.3,0.1459615439560032,20.0,22.0
Timestamp,22.47531602846598,0.3,0.18847338872105307,20.0,22.0
Timestamp,22.782990300857914,0.3,0.1968523426002078,20.0,22.0
Timestamp,22.93141570133892,0.3,0.20490806522371727,20.0,22.0
Timestamp,23.0226798120104,0.3,0.21260852751632062,20.0,22.0
Timestamp,23.144685446480512,0.3,0.22037920250969056,20.0,22.0
Timestamp,23.25846267828167,0.3,0.22752960817749043,20.0,22.0
Timestamp,23.356772689236838,0.3,0.23282443255337107,20.0,22.0
Timestamp,23.441107317849937,0.3,0.2348256792901606,20.0,22.0
Timestamp,23.40753056313238,0.3,0.23369413620312504,20.0,22.0
Timestamp,23.37918352690813,0.3,0.2353059263977167,20.0,22.0
Timestamp,23.39786739689449,0.3,0.23657990281265068,20.0,22.0
Timestamp,23.44097426972301,0.3,0.23775009319669274,20.0,22.0
Timestamp,23.26193218022746,0.3,0.23231073395973917,20.0,22.0
Timestamp,23.093271718910714,0.3,0.23086454092451295,20.0,22.0
Timestamp,23.022545587582773,0.3,0.23192703389279526,20.0,22.0
Timestamp,23.00879101423048,0.3,0.2314993853892293,20.0,22.0
Timestamp,23.222927730939375,0.3,0.238498813994797,20.0,22.0
Timestamp,23.410066752915313,0.3,0.23861334141771937,20.0,22.0
Timestamp,23.49167028265662,0.3,0.239040049692158,20.0,22.0
Timestamp,23.51727553591865,0.3,0.24011100895852786,20.0,22.0
Timestamp,23.581022863667954,0.3,0.24334258909661505,20.0,22.0
Timestamp,23.64797264495118,0.3,0.24555054580785182,20.0,22.0
Timestamp,23.696027617809662,0.3,0.2489591691197715,20.0,22.0
Timestamp,23.729471538214025,0.3,0.2521862323491072,20.0,22.0
Timestamp,23.688724550535273,0.3,0.2536213859329624,20.0,22.0
Timestamp,23.65470462510859,0.3,0.2566610751396174,20.0,22.0
Timestamp,23.65184981877401,0.3,0.2587356425105533,20.0,22.0
Timestamp,23.66288839656969,0.3,0.25952545161959756,20.0,22.0
Timestamp,23.53699951542223,0.3,0.2519915536231712,20.0,22.0
Timestamp,23.423907757368458,0.3,0.24650951933879775,20.0,22.0
Timestamp,23.372962784447814,0.3,0.24008643025115284,20.0,22.0
Timestamp,23.351660973693427,0.3,0.23180676598477645,20.0,22.0
Timestamp,23.32788543423869,0.3,0.21932377017921098,20.0,22.0
Timestamp,23.28721223933454,0.3,0.2076219775049224,20.0,22.0
Timestamp,23.24169232336874,0.3,0.1999861697888014,20.0,22.0
Timestamp,23.203544714927066,0.3,0.1916822322573503,20.0,22.0
Timestamp,22.528480775614216,0.3,0.1565756260922606,20.0,22.0
Timestamp,22.143330697452306,0.3,0.15138768522909518,20.0,22.0
Timestamp,22.0168127482071,0.3,0.14043894804015936,20.0,22.0
Timestamp,22.001234049804307,0.3,0.13490176562112208,20.0,22.0
Timestamp,21.999542751810655,0.3,0.11465488526274714,20.0,22.0
Timestamp,21.999548009433948,0.3,0.11207811860925958,20.0,22.0
Timestamp,21.994964768925303,0.3,0.11069230953869473,20.0,22.0
Timestamp,21.951247980549606,0.3,0.11007913250891443,20.0,22.0
Timestamp,22.173059073297633,0.3,0.10996319842848988,20.0,22.0
Timestamp,22.19021723786286,0.3,0.10996319842848988,20.0,22.0
Timestamp,22.18935197118699,0.3,0.10996319842848988,20.0,22.0
Timestamp,22.17851781379787,0.3,0.10996319842848988,20.0,22.0
Timestamp,22.12553697887259,0.3,0.10996319842848988,20.0,22.0
Timestamp,22.057172117139782,0.3,0.10996319842848988,20.0,22.0
Timestamp,21.991940309952057,0.3,0.10996319842848988,20.0,22.0
Timestamp,21.93296393379515,0.3,0.10996319842848988,20.0,22.0
Timestamp,21.878015709298097,0.3,0.10996319842848988,20.0,22.0
Timestamp,21.82534856147802,0.3,0.10996319842848988,20.0,22.0
Timestamp,21.77449287533607,0.3,0.10996319842848988,20.0,22.0
Timestamp,21.725458856371638,0.3,0.10996319842848988,20.0,22.0
Timestamp,21.678525404931417,0.3,0.10996319842848988,20.0,22.0
Timestamp,21.63356815693593,0.3,0.10996319842848988,20.0,22.0
Timestamp,21.59036053669318,0.3,0.10996319842848988,20.0,22.0
